"Gene_clean","Gene_original","Module","ENTREZID"
"61E3","61E3.4.4","brown",NA
"A-575C2","A-575C2.4.1","brown",NA
"A2ML1","A2ML1","brown","144568"
"A4GALT","A4GALT","blue","53947"
"AAK1","AAK1","red","22848"
"AANAT","AANAT","green","15"
"AARD","AARD","turquoise","441376"
"AASS","AASS","yellow","10157"
"AATK","AATK","yellow","9625"
"ABCA1","ABCA1","brown","19"
"ABCA12","ABCA12","turquoise","26154"
"ABCA2","ABCA2","yellow","20"
"ABCA4","ABCA4","blue","24"
"ABCA6","ABCA6","yellow","23460"
"ABCA7","ABCA7","brown","10347"
"ABCA8","ABCA8","yellow","10351"
"ABCB4","ABCB4","blue","5244"
"ABCC11","ABCC11","red","85320"
"ABCC12","ABCC12","turquoise","94160"
"ABCC2","ABCC2","brown","1244"
"ABCC3","ABCC3","blue","8714"
"ABCC8","ABCC8","black","6833"
"ABCC9","ABCC9","blue","10060"
"ABCD2","ABCD2","turquoise","225"
"ABCG2","ABCG2","grey","9429"
"ABCG4","ABCG4","black","64137"
"ABCG8","ABCG8","turquoise","64241"
"ABHD4","ABHD4","brown","63874"
"ABHD8","ABHD8","brown","79575"
"ABI3","ABI3","green","51225"
"ABI3BP","ABI3BP","yellow","25890"
"ABRA","ABRA","turquoise","137735"
"ABRACL","ABRACL","turquoise","58527"
"AC002472","AC002472.1","brown",NA
"AC004017","AC004017.1","turquoise",NA
"AC004076","AC004076.7","grey",NA
"AC004076","AC004076.9","red",NA
"AC004466","AC004466.1","yellow",NA
"AC005003","AC005003.1","red",NA
"AC005841","AC005841.1","yellow",NA
"AC006014","AC006014.1","turquoise",NA
"AC006547","AC006547.14","red",NA
"AC006946","AC006946.15","turquoise",NA
"AC007375","AC007375.1","turquoise",NA
"AC007382","AC007382.1","turquoise",NA
"AC007461","AC007461.1","grey",NA
"AC008060","AC008060.7","yellow",NA
"AC010642","AC010642.1","red",NA
"AC016722","AC016722.2","turquoise",NA
"AC018816","AC018816.3","blue",NA
"AC019171","AC019171.1","turquoise",NA
"AC019206","AC019206.1","grey",NA
"AC019294","AC019294.1","turquoise",NA
"AC020907","AC020907.1","brown",NA
"AC021860","AC021860.1","red",NA
"AC024580","AC024580.1","green",NA
"AC026310","AC026310.1","red",NA
"AC026740","AC026740.1","grey",NA
"AC062017","AC062017.1","yellow",NA
"AC069547","AC069547.1","yellow",NA
"AC073043","AC073043.2","grey",NA
"AC073343","AC073343.1","turquoise",NA
"AC073657","AC073657.1","yellow",NA
"AC079210","AC079210.1","green",NA
"AC079341","AC079341.1","turquoise",NA
"AC079354","AC079354.1","turquoise",NA
"AC093726","AC093726.4","turquoise",NA
"AC096677","AC096677.1","brown",NA
"AC104057","AC104057.1","red",NA
"AC105020","AC105020.1","blue",NA
"AC109829","AC109829.1","turquoise",NA
"AC110619","AC110619.2","black",NA
"AC110781","AC110781.3","turquoise",NA
"AC127496","AC127496.1","brown",NA
"AC129492","AC129492.6","turquoise",NA
"AC131097","AC131097.4","brown",NA
"AC132872","AC132872.2","red",NA
"AC135048","AC135048.1","brown",NA
"AC138647","AC138647.1","black",NA
"AC139100","AC139100.2","brown",NA
"ACACB","ACACB","brown","32"
"ACAD11","ACAD11","yellow","84129"
"ACADL","ACADL","blue","33"
"ACAN","ACAN","blue","176"
"ACAP1","ACAP1","brown","9744"
"ACBD7","ACBD7","grey","414149"
"ACCS","ACCS","green","84680"
"ACE","ACE","black","1636"
"ACER2","ACER2","blue","340485"
"ACOT1","ACOT1","red","641371"
"ACOT4","ACOT4","turquoise","122970"
"ACOT6","ACOT6","brown","641372"
"ACOX2","ACOX2","blue","8309"
"ACP5","ACP5","brown","54"
"ACR","ACR","green","49"
"ACRBP","ACRBP","brown","84519"
"ACRC","ACRC","brown",NA
"ACRV1","ACRV1","turquoise","56"
"ACSBG1","ACSBG1","brown","23205"
"ACSL1","ACSL1","yellow","2180"
"ACSL5","ACSL5","blue","51703"
"ACSL6","ACSL6","turquoise","23305"
"ACSM1","ACSM1","brown","116285"
"ACSM3","ACSM3","grey","6296"
"ACSM5","ACSM5","blue","54988"
"ACSS3","ACSS3","blue","79611"
"ACTA2","ACTA2","blue","59"
"ACTC1","ACTC1","turquoise","70"
"ACTG2","ACTG2","blue","72"
"ACTL10","ACTL10","yellow","170487"
"ACTL6B","ACTL6B","black","51412"
"ACTN1","ACTN1","grey","87"
"ACTR3B","ACTR3B","turquoise","57180"
"ACTRT3","ACTRT3","turquoise","84517"
"ACVR1C","ACVR1C","turquoise","130399"
"ACVRL1","ACVRL1","blue","94"
"ACY3","ACY3","grey","91703"
"ADA","ADA","yellow","100"
"ADAD2","ADAD2","grey","161931"
"ADAM11","ADAM11","black","4185"
"ADAM12","ADAM12","brown","8038"
"ADAM21","ADAM21","red","8747"
"ADAM23","ADAM23","turquoise","8745"
"ADAM28","ADAM28","green","10863"
"ADAM33","ADAM33","brown","80332"
"ADAMTS1","ADAMTS1","blue","9510"
"ADAMTS14","ADAMTS14","yellow","140766"
"ADAMTS15","ADAMTS15","blue","170689"
"ADAMTS16","ADAMTS16","turquoise","170690"
"ADAMTS18","ADAMTS18","yellow","170692"
"ADAMTS2","ADAMTS2","brown","9509"
"ADAMTS3","ADAMTS3","turquoise","9508"
"ADAMTS4","ADAMTS4","yellow","9507"
"ADAMTS5","ADAMTS5","turquoise","11096"
"ADAMTS6","ADAMTS6","grey","11174"
"ADAMTS7","ADAMTS7","brown","11173"
"ADAMTS9","ADAMTS9","blue","56999"
"ADAMTSL1","ADAMTSL1","turquoise","92949"
"ADAMTSL3","ADAMTSL3","yellow","57188"
"ADAMTSL4","ADAMTSL4","green","54507"
"ADAMTSL5","ADAMTSL5","brown","339366"
"ADAP2","ADAP2","green","55803"
"ADARB2","ADARB2","yellow","105"
"ADAT3","ADAT3","brown","113179"
"ADCY1","ADCY1","turquoise","107"
"ADCY10","ADCY10","brown","55811"
"ADCY4","ADCY4","blue","196883"
"ADCY7","ADCY7","green","113"
"ADCYAP1","ADCYAP1","turquoise","116"
"ADD2","ADD2","turquoise","119"
"ADH1B","ADH1B","blue","125"
"ADIPOR2","ADIPOR2","yellow","79602"
"ADM","ADM","blue","133"
"ADM5","ADM5","brown","199800"
"ADORA2A","ADORA2A","brown","135"
"ADORA2B","ADORA2B","blue","136"
"ADORA3","ADORA3","green","140"
"ADPRH","ADPRH","blue","141"
"ADRA1A","ADRA1A","red","148"
"ADRA1B","ADRA1B","turquoise","147"
"ADRA1D","ADRA1D","turquoise","146"
"ADRA2A","ADRA2A","turquoise","150"
"ADRA2B","ADRA2B","brown","151"
"ADRB1","ADRB1","grey","153"
"ADRB2","ADRB2","blue","154"
"ADTRP","ADTRP","turquoise","84830"
"AEBP1","AEBP1","blue","165"
"AFAP1L1","AFAP1L1","blue","134265"
"AFF2","AFF2","turquoise","2334"
"AFP","AFP","turquoise","174"
"AGAP10","AGAP10","grey",NA
"AGAP2","AGAP2","black","116986"
"AGAP4","AGAP4","grey","119016"
"AGAP8","AGAP8","grey",NA
"AGAP9","AGAP9","grey","642517"
"AGBL2","AGBL2","brown","79841"
"AGBL4","AGBL4","turquoise","84871"
"AGER","AGER","brown","177"
"AGMAT","AGMAT","turquoise","79814"
"AGMO","AGMO","yellow","392636"
"AGPAT9","AGPAT9","turquoise",NA
"AGT","AGT","brown","183"
"AGTRAP","AGTRAP","brown","57085"
"AGXT2L1","AGXT2L1","blue",NA
"AHNAK","AHNAK","blue","79026"
"AHNAK2","AHNAK2","red","113146"
"AHRR","AHRR","turquoise","57491"
"AHSA2","AHSA2","brown",NA
"AIF1","AIF1","green","199"
"AIF1L","AIF1L","yellow","83543"
"AIRE","AIRE","brown","326"
"AJUBA","AJUBA","blue","84962"
"AK7","AK7","turquoise","122481"
"AKAP12","AKAP12","turquoise","9590"
"AKAP14","AKAP14","grey","158798"
"AKAP3","AKAP3","yellow","10566"
"AKAP5","AKAP5","turquoise","9495"
"AKNAD1","AKNAD1","yellow","254268"
"AKR1C2","AKR1C2","grey","1646"
"AKR1C3","AKR1C3","blue","8644"
"AL020996","AL020996.1","red",NA
"AL031663","AL031663.2","brown",NA
"AL049840","AL049840.1","brown",NA
"AL078585","AL078585.1","yellow",NA
"AL117190","AL117190.2","black",NA
"AL117190","AL117190.3","brown",NA
"AL133216","AL133216.1","yellow",NA
"AL137145","AL137145.1","brown",NA
"AL138781","AL138781.1","brown",NA
"AL355312","AL355312.1","brown",NA
"AL359091","AL359091.2","brown",NA
"AL359878","AL359878.1","red",NA
"AL450307","AL450307.1","turquoise",NA
"AL589739","AL589739.1","brown",NA
"AL590822","AL590822.1","grey",NA
"AL627309","AL627309.1","green",NA
"AL807752","AL807752.1","turquoise",NA
"AL953854","AL953854.2","grey",NA
"ALB","ALB","turquoise","213"
"ALDH16A1","ALDH16A1","brown","126133"
"ALDH1A2","ALDH1A2","turquoise","8854"
"ALDH1L1","ALDH1L1","blue","10840"
"ALDH3A1","ALDH3A1","brown","218"
"ALDH3B1","ALDH3B1","brown","221"
"ALDH4A1","ALDH4A1","brown","8659"
"ALDOB","ALDOB","grey","229"
"ALG10B","ALG10B","turquoise","144245"
"ALG11","ALG11","red","440138"
"ALG1L","ALG1L","grey",NA
"ALLC","ALLC","grey","55821"
"ALOX12B","ALOX12B","turquoise","242"
"ALOX15","ALOX15","grey","246"
"ALOX15B","ALOX15B","blue","247"
"ALOX5","ALOX5","green","240"
"ALOX5AP","ALOX5AP","green","241"
"ALOXE3","ALOXE3","black","59344"
"ALPK1","ALPK1","green","80216"
"ALX4","ALX4","blue","60529"
"AMDHD1","AMDHD1","turquoise","144193"
"AMER2","AMER2","yellow","219287"
"AMER3","AMER3","black","205147"
"AMH","AMH","brown","268"
"AMICA1","AMICA1","blue",NA
"AMIGO1","AMIGO1","turquoise","57463"
"AMIGO2","AMIGO2","turquoise","347902"
"AMN","AMN","brown","81693"
"AMPH","AMPH","turquoise","273"
"AMY2A","AMY2A","turquoise","279"
"ANG","ANG","blue","283"
"ANGPT1","ANGPT1","blue","284"
"ANGPT2","ANGPT2","blue","285"
"ANGPTL1","ANGPTL1","blue","9068"
"ANGPTL2","ANGPTL2","yellow","23452"
"ANGPTL4","ANGPTL4","blue","51129"
"ANK1","ANK1","black","286"
"ANKFN1","ANKFN1","blue","162282"
"ANKK1","ANKK1","yellow","255239"
"ANKRD18A","ANKRD18A","yellow","253650"
"ANKRD18B","ANKRD18B","brown","441459"
"ANKRD2","ANKRD2","grey","26287"
"ANKRD20A3","ANKRD20A3","grey",NA
"ANKRD20A4","ANKRD20A4","grey",NA
"ANKRD23","ANKRD23","brown","200539"
"ANKRD24","ANKRD24","black","170961"
"ANKRD30B","ANKRD30B","turquoise","374860"
"ANKRD30BL","ANKRD30BL","turquoise","554226"
"ANKRD31","ANKRD31","turquoise","256006"
"ANKRD33B","ANKRD33B","red","651746"
"ANKRD34B","ANKRD34B","turquoise","340120"
"ANKRD34C","ANKRD34C","turquoise","390616"
"ANKRD36C","ANKRD36C","turquoise","400986"
"ANKRD37","ANKRD37","blue","353322"
"ANKRD40","ANKRD40","yellow","91369"
"ANKRD44","ANKRD44","yellow","91526"
"ANKRD45","ANKRD45","red","339416"
"ANKRD55","ANKRD55","turquoise","79722"
"ANKRD9","ANKRD9","brown","122416"
"ANLN","ANLN","yellow","54443"
"ANO1","ANO1","turquoise","55107"
"ANO2","ANO2","blue","57101"
"ANO3","ANO3","turquoise","63982"
"ANO5","ANO5","turquoise","203859"
"ANO6","ANO6","blue","196527"
"ANO7","ANO7","yellow","50636"
"ANP32B","ANP32B","brown","10541"
"ANPEP","ANPEP","blue","290"
"ANXA1","ANXA1","blue","301"
"ANXA2","ANXA2","blue","302"
"ANXA2R","ANXA2R","brown","389289"
"ANXA3","ANXA3","blue","306"
"ANXA6","ANXA6","turquoise","309"
"ANXA9","ANXA9","yellow","8416"
"AOAH","AOAH","green","313"
"AOC3","AOC3","blue","8639"
"AOX1","AOX1","yellow","316"
"AP000322","AP000322.53","red",NA
"AP000350","AP000350.4","brown",NA
"AP000769","AP000769.1","brown",NA
"AP001055","AP001055.1","brown",NA
"AP001468","AP001468.1","yellow",NA
"AP003068","AP003068.23","grey",NA
"AP1M2","AP1M2","turquoise","10053"
"AP1S3","AP1S3","turquoise","130340"
"AP3B2","AP3B2","black","8120"
"APBB1IP","APBB1IP","green","54518"
"APLN","APLN","brown","8862"
"APLNR","APLNR","green","187"
"APOA1","APOA1","brown","335"
"APOB","APOB","grey","338"
"APOBEC3C","APOBEC3C","green","27350"
"APOBEC3D","APOBEC3D","blue","140564"
"APOBEC3F","APOBEC3F","blue","200316"
"APOBEC3G","APOBEC3G","green","60489"
"APOBR","APOBR","brown","55911"
"APOC1","APOC1","green","341"
"APOC2","APOC2","green","344"
"APOC4","APOC4","green","346"
"APOD","APOD","brown","347"
"APOE","APOE","brown","348"
"APOL1","APOL1","blue","8542"
"APOL3","APOL3","blue","80833"
"APOL4","APOL4","blue","80832"
"APOL6","APOL6","green","80830"
"APOLD1","APOLD1","blue","81575"
"APOOL","APOOL","red","139322"
"AQP1","AQP1","yellow","358"
"AQP3","AQP3","grey","360"
"AQP4","AQP4","blue","361"
"AQP6","AQP6","yellow","363"
"AQP7","AQP7","turquoise","364"
"AQP8","AQP8","brown","343"
"AQP9","AQP9","turquoise","366"
"AQPEP","AQPEP","grey",NA
"ARAP1","ARAP1","brown","116985"
"ARC","ARC","turquoise","23237"
"ARG1","ARG1","turquoise","383"
"ARHGAP10","ARHGAP10","blue","79658"
"ARHGAP11B","ARHGAP11B","yellow","89839"
"ARHGAP15","ARHGAP15","green","55843"
"ARHGAP17","ARHGAP17","brown","55114"
"ARHGAP20","ARHGAP20","turquoise","57569"
"ARHGAP22","ARHGAP22","yellow","58504"
"ARHGAP23","ARHGAP23","yellow","57636"
"ARHGAP24","ARHGAP24","black","83478"
"ARHGAP26","ARHGAP26","turquoise","23092"
"ARHGAP28","ARHGAP28","turquoise","79822"
"ARHGAP29","ARHGAP29","blue","9411"
"ARHGAP30","ARHGAP30","green","257106"
"ARHGAP31","ARHGAP31","blue","57514"
"ARHGAP36","ARHGAP36","turquoise","158763"
"ARHGAP42","ARHGAP42","blue","143872"
"ARHGAP44","ARHGAP44","turquoise","9912"
"ARHGDIB","ARHGDIB","green","397"
"ARHGEF1","ARHGEF1","brown","9138"
"ARHGEF19","ARHGEF19","blue","128272"
"ARHGEF25","ARHGEF25","black","115557"
"ARHGEF28","ARHGEF28","turquoise","64283"
"ARHGEF3","ARHGEF3","turquoise","50650"
"ARHGEF37","ARHGEF37","yellow","389337"
"ARHGEF5","ARHGEF5","blue","7984"
"ARHGEF9","ARHGEF9","turquoise","23229"
"ARID3C","ARID3C","grey","138715"
"ARID5A","ARID5A","blue","10865"
"ARL11","ARL11","green","115761"
"ARL4C","ARL4C","turquoise","10123"
"ARL4D","ARL4D","turquoise","379"
"ARL5C","ARL5C","red","390790"
"ARL6IP4","ARL6IP4","brown","51329"
"ARL9","ARL9","turquoise","132946"
"ARMC12","ARMC12","brown","221481"
"ARMC3","ARMC3","grey","219681"
"ARMC4","ARMC4","grey",NA
"ARNTL2","ARNTL2","turquoise",NA
"ARPC1B","ARPC1B","blue","10095"
"ARPP21","ARPP21","turquoise","10777"
"ARRDC2","ARRDC2","yellow","27106"
"ARRDC3","ARRDC3","blue","57561"
"ARRDC4","ARRDC4","yellow","91947"
"ARSF","ARSF","grey","416"
"ARSI","ARSI","brown","340075"
"ART3","ART3","yellow","419"
"ARTN","ARTN","blue","9048"
"ASAH2","ASAH2","turquoise","56624"
"ASAH2B","ASAH2B","turquoise","653308"
"ASAP2","ASAP2","red","8853"
"ASB16","ASB16","brown","92591"
"ASB2","ASB2","turquoise","51676"
"ASB4","ASB4","brown","51666"
"ASB5","ASB5","turquoise","140458"
"ASCL2","ASCL2","brown","430"
"ASCL5","ASCL5","red","647219"
"ASGR1","ASGR1","brown","432"
"ASGR2","ASGR2","blue","433"
"ASIC2","ASIC2","turquoise","40"
"ASIC3","ASIC3","brown","9311"
"ASPA","ASPA","yellow","443"
"ASPG","ASPG","red","374569"
"ASPM","ASPM","turquoise","259266"
"ASPN","ASPN","blue","54829"
"ASPRV1","ASPRV1","brown","151516"
"ATAD3C","ATAD3C","brown","219293"
"ATCAY","ATCAY","turquoise","85300"
"ATF3","ATF3","brown","467"
"ATG9B","ATG9B","grey","285973"
"ATHL1","ATHL1","brown",NA
"ATL1","ATL1","turquoise","51062"
"ATOH7","ATOH7","turquoise","220202"
"ATOH8","ATOH8","brown","84913"
"ATP10B","ATP10B","yellow","23120"
"ATP11A","ATP11A","yellow","23250"
"ATP11C","ATP11C","brown","286410"
"ATP13A4","ATP13A4","grey","84239"
"ATP1A2","ATP1A2","blue","477"
"ATP1A3","ATP1A3","black","478"
"ATP1A4","ATP1A4","red","480"
"ATP1B2","ATP1B2","blue","482"
"ATP2A1","ATP2A1","brown","487"
"ATP2B1","ATP2B1","turquoise","490"
"ATP2B2","ATP2B2","turquoise","491"
"ATP2B3","ATP2B3","turquoise","492"
"ATP4A","ATP4A","blue","495"
"ATP6V0A4","ATP6V0A4","brown","50617"
"ATP6V1A","ATP6V1A","turquoise","523"
"ATP6V1G2","ATP6V1G2","turquoise","534"
"ATP8A2","ATP8A2","turquoise","51761"
"ATP8B3","ATP8B3","brown","148229"
"ATRNL1","ATRNL1","turquoise","26033"
"AUNIP","AUNIP","turquoise","79000"
"AURKC","AURKC","brown","6795"
"AXL","AXL","blue","558"
"AZGP1","AZGP1","brown","563"
"AZU1","AZU1","brown","566"
"B3GALNT1","B3GALNT1","turquoise","8706"
"B3GALT1","B3GALT1","red","8708"
"B3GALT2","B3GALT2","turquoise","8707"
"B3GALT5","B3GALT5","red","10317"
"B3GNT4","B3GNT4","black","79369"
"B3GNT5","B3GNT5","green","84002"
"B3GNT8","B3GNT8","grey","374907"
"B4GALNT1","B4GALNT1","black","2583"
"B4GALNT3","B4GALNT3","black","283358"
"B4GALT1","B4GALT1","blue","2683"
"B4GALT6","B4GALT6","turquoise","9331"
"BAAT","BAAT","turquoise","570"
"BACE2","BACE2","blue","25825"
"BAG3","BAG3","blue","9531"
"BAI1","BAI1","black",NA
"BAMBI","BAMBI","brown","25805"
"BARX2","BARX2","turquoise","8538"
"BASP1","BASP1","turquoise","10409"
"BATF","BATF","green","10538"
"BATF2","BATF2","blue","116071"
"BAZ1A","BAZ1A","brown","11177"
"BBOX1","BBOX1","blue","8424"
"BCAM","BCAM","blue","4059"
"BCAS1","BCAS1","yellow","8537"
"BCAS4","BCAS4","turquoise","55653"
"BCAT1","BCAT1","turquoise","586"
"BCAT2","BCAT2","brown","587"
"BCL11A","BCL11A","turquoise","53335"
"BCL11B","BCL11B","turquoise","64919"
"BCL2A1","BCL2A1","blue","597"
"BCL2L10","BCL2L10","grey","10017"
"BCL2L12","BCL2L12","brown","83596"
"BCL3","BCL3","blue","602"
"BCL6","BCL6","blue","604"
"BCL6B","BCL6B","blue","255877"
"BCMO1","BCMO1","brown",NA
"BDKRB2","BDKRB2","red","624"
"BDNF","BDNF","turquoise","627"
"BEAN1","BEAN1","black","146227"
"BEGAIN","BEGAIN","black","57596"
"BEND4","BEND4","turquoise","389206"
"BEST1","BEST1","yellow","7439"
"BEST3","BEST3","brown","144453"
"BEST4","BEST4","turquoise","266675"
"BEX1","BEX1","turquoise","55859"
"BEX5","BEX5","turquoise","340542"
"BFSP1","BFSP1","turquoise","631"
"BGLAP","BGLAP","brown","632"
"BGN","BGN","blue","633"
"BHLHA9","BHLHA9","turquoise","727857"
"BHLHE22","BHLHE22","turquoise","27319"
"BHMT","BHMT","turquoise","635"
"BHMT2","BHMT2","blue","23743"
"BICC1","BICC1","turquoise","80114"
"BIN2","BIN2","green","51411"
"BIRC5","BIRC5","brown","332"
"BLNK","BLNK","green","29760"
"BLOC1S5-TXNDC5","BLOC1S5-TXNDC5","blue","100526836"
"BMF","BMF","green","90427"
"BMP1","BMP1","brown","649"
"BMP3","BMP3","turquoise","651"
"BMP4","BMP4","blue","652"
"BMP6","BMP6","blue","654"
"BMPER","BMPER","turquoise","168667"
"BMPR1B","BMPR1B","blue","658"
"BNC2","BNC2","blue","54796"
"BNIPL","BNIPL","brown","149428"
"BOC","BOC","blue","91653"
"BOK","BOK","yellow","666"
"BRCA2","BRCA2","yellow","675"
"BRDT","BRDT","grey","676"
"BRIP1","BRIP1","turquoise","83990"
"BSN","BSN","black","8927"
"BSPRY","BSPRY","grey","54836"
"BST2","BST2","blue","684"
"BTBD11","BTBD11","turquoise",NA
"BTBD16","BTBD16","yellow","118663"
"BTBD17","BTBD17","grey","388419"
"BTBD8","BTBD8","yellow","284697"
"BTC","BTC","turquoise","685"
"BTG2","BTG2","blue","7832"
"BTK","BTK","green","695"
"BTN2A2","BTN2A2","blue","10385"
"BTN3A2","BTN3A2","brown","11118"
"BTNL2","BTNL2","red","56244"
"BUB1","BUB1","yellow","699"
"BUB1B","BUB1B","grey","701"
"BVES","BVES","yellow",NA
"BZRAP1","BZRAP1","red",NA
"C10orf10","C10orf10","blue",NA
"C10orf105","C10orf105","brown","414152"
"C10orf107","C10orf107","turquoise",NA
"C10orf11","C10orf11","blue",NA
"C10orf111","C10orf111","brown",NA
"C10orf128","C10orf128","yellow",NA
"C10orf35","C10orf35","turquoise",NA
"C10orf54","C10orf54","blue",NA
"C10orf67","C10orf67","turquoise","256815"
"C10orf68","C10orf68","grey",NA
"C10orf82","C10orf82","turquoise",NA
"C10orf85","C10orf85","brown",NA
"C10orf90","C10orf90","yellow","118611"
"C10orf95","C10orf95","grey","79946"
"C11orf21","C11orf21","green","29125"
"C11orf35","C11orf35","brown",NA
"C11orf42","C11orf42","red","160298"
"C11orf65","C11orf65","yellow","160140"
"C11orf70","C11orf70","blue",NA
"C11orf87","C11orf87","turquoise","399947"
"C11orf96","C11orf96","blue","387763"
"C12orf39","C12orf39","yellow",NA
"C12orf54","C12orf54","turquoise","121273"
"C12orf55","C12orf55","grey",NA
"C12ORF55","C12ORF55","grey",NA
"C12orf68","C12orf68","turquoise",NA
"C14orf164","C14orf164","yellow",NA
"C14orf180","C14orf180","brown","400258"
"C15orf26","C15orf26","turquoise",NA
"C15orf27","C15orf27","black",NA
"C15orf37","C15orf37","red",NA
"C15orf38-AP3S2","C15orf38-AP3S2","red",NA
"C16orf3","C16orf3","red",NA
"C16orf47","C16orf47","turquoise",NA
"C16orf89","C16orf89","brown","146556"
"C16orf92","C16orf92","black","146378"
"C16orf93","C16orf93","turquoise",NA
"C16orf96","C16orf96","yellow","342346"
"C17orf102","C17orf102","turquoise",NA
"C17orf107","C17orf107","turquoise","100130311"
"C17orf50","C17orf50","grey","146853"
"C17orf72","C17orf72","blue",NA
"C17orf96","C17orf96","turquoise",NA
"C18orf42","C18orf42","turquoise",NA
"C18orf54","C18orf54","yellow","162681"
"C18orf56","C18orf56","yellow",NA
"C19orf18","C19orf18","yellow","147685"
"C19orf26","C19orf26","black",NA
"C19orf35","C19orf35","brown",NA
"C19orf38","C19orf38","brown","255809"
"C19orf40","C19orf40","yellow",NA
"C19orf45","C19orf45","yellow",NA
"C19orf77","C19orf77","turquoise",NA
"C19orf80","C19orf80","brown",NA
"C1D","C1D","turquoise","10438"
"C1orf110","C1orf110","grey",NA
"C1orf111","C1orf111","red",NA
"C1orf115","C1orf115","turquoise","79762"
"C1orf132","C1orf132","grey",NA
"C1orf145","C1orf145","turquoise",NA
"C1orf146","C1orf146","turquoise","388649"
"C1orf162","C1orf162","green","128346"
"C1orf168","C1orf168","turquoise",NA
"C1orf172","C1orf172","brown",NA
"C1orf173","C1orf173","turquoise",NA
"C1orf191","C1orf191","green",NA
"C1orf198","C1orf198","yellow","84886"
"C1orf233","C1orf233","black",NA
"C1orf64","C1orf64","blue",NA
"C1orf87","C1orf87","blue","127795"
"C1orf94","C1orf94","grey","84970"
"C1orf95","C1orf95","turquoise",NA
"C1QA","C1QA","green","712"
"C1QB","C1QB","green","713"
"C1QC","C1QC","green","714"
"C1QL2","C1QL2","brown","165257"
"C1QL3","C1QL3","red","389941"
"C1QL4","C1QL4","brown","338761"
"C1QTNF1","C1QTNF1","blue","114897"
"C1QTNF4","C1QTNF4","black","114900"
"C1QTNF6","C1QTNF6","brown","114904"
"C1QTNF7","C1QTNF7","turquoise","114905"
"C1QTNF9B","C1QTNF9B","grey","387911"
"C1R","C1R","blue","715"
"C1RL","C1RL","blue","51279"
"C1S","C1S","blue","716"
"C2","C2","green","717"
"C20orf197","C20orf197","brown",NA
"C20orf201","C20orf201","brown",NA
"C20orf26","C20orf26","turquoise",NA
"C21orf128","C21orf128","turquoise",NA
"C21orf37","C21orf37","yellow",NA
"C21orf49","C21orf49","yellow",NA
"C21orf62","C21orf62","green",NA
"C21orf67","C21orf67","turquoise",NA
"C21orf88","C21orf88","brown",NA
"C21orf91","C21orf91","yellow","54149"
"C22orf24","C22orf24","red",NA
"C22orf26","C22orf26","turquoise",NA
"C22orf34","C22orf34","blue",NA
"C2CD4B","C2CD4B","blue","388125"
"C2CD4C","C2CD4C","grey","126567"
"C2CD4D","C2CD4D","yellow","100191040"
"C2orf16","C2orf16","turquoise",NA
"C2orf40","C2orf40","grey",NA
"C2orf50","C2orf50","turquoise",NA
"C2orf62","C2orf62","green",NA
"C2orf66","C2orf66","grey","401027"
"C2orf71","C2orf71","brown",NA
"C2orf73","C2orf73","grey",NA
"C2orf74","C2orf74","grey","339804"
"C2orf80","C2orf80","turquoise","389073"
"C2orf82","C2orf82","yellow",NA
"C2orf88","C2orf88","yellow",NA
"C3","C3","green","718"
"C3AR1","C3AR1","green","719"
"C3orf20","C3orf20","red","84077"
"C3orf49","C3orf49","turquoise","132200"
"C3orf52","C3orf52","grey","79669"
"C3orf67","C3orf67","turquoise",NA
"C3orf72","C3orf72","blue",NA
"C3orf80","C3orf80","turquoise","401097"
"C3orf83","C3orf83","grey",NA
"C4A","C4A","green","720"
"C4B","C4B","green","721"
"C4orf19","C4orf19","blue",NA
"C4orf26","C4orf26","yellow",NA
"C4orf47","C4orf47","brown",NA
"C4orf48","C4orf48","brown",NA
"C4orf50","C4orf50","red","389197"
"C5AR1","C5AR1","green","728"
"C5AR2","C5AR2","green","27202"
"C5orf27","C5orf27","yellow",NA
"C5orf34","C5orf34","turquoise","375444"
"C5orf47","C5orf47","turquoise","133491"
"C5orf64","C5orf64","yellow",NA
"C6orf118","C6orf118","blue","168090"
"C6orf141","C6orf141","turquoise","135398"
"C6orf164","C6orf164","red",NA
"C6orf195","C6orf195","grey",NA
"C6orf201","C6orf201","red",NA
"C6orf223","C6orf223","red",NA
"C7","C7","blue","730"
"C7orf41","C7orf41","yellow",NA
"C7orf61","C7orf61","brown",NA
"C8orf12","C8orf12","brown",NA
"C8orf34","C8orf34","turquoise","116328"
"C8orf4","C8orf4","turquoise",NA
"C8orf47","C8orf47","grey",NA
"C8orf48","C8orf48","grey","157773"
"C9orf117","C9orf117","brown",NA
"C9orf129","C9orf129","turquoise",NA
"C9orf139","C9orf139","yellow",NA
"C9orf170","C9orf170","yellow",NA
"C9orf172","C9orf172","black",NA
"C9orf173","C9orf173","red",NA
"C9orf43","C9orf43","yellow","257169"
"C9orf84","C9orf84","brown",NA
"CA10","CA10","turquoise","56934"
"CA12","CA12","blue","771"
"CA14","CA14","yellow","23632"
"CA2","CA2","yellow","760"
"CA4","CA4","turquoise","762"
"CA7","CA7","black","766"
"CABLES1","CABLES1","brown","91768"
"CABP1","CABP1","black","9478"
"CABP4","CABP4","green","57010"
"CACHD1","CACHD1","blue","57685"
"CACNA1B","CACNA1B","turquoise","774"
"CACNA1E","CACNA1E","turquoise","777"
"CACNA1G","CACNA1G","turquoise","8913"
"CACNA1H","CACNA1H","grey","8912"
"CACNA1I","CACNA1I","black","8911"
"CACNA1S","CACNA1S","turquoise","779"
"CACNA2D1","CACNA2D1","turquoise","781"
"CACNA2D3","CACNA2D3","turquoise","55799"
"CACNA2D4","CACNA2D4","green","93589"
"CACNB1","CACNB1","black","782"
"CACNB2","CACNB2","turquoise","783"
"CACNB3","CACNB3","black","784"
"CACNB4","CACNB4","turquoise","785"
"CACNG2","CACNG2","black","10369"
"CACNG3","CACNG3","turquoise","10368"
"CACNG5","CACNG5","red","27091"
"CACNG6","CACNG6","grey","59285"
"CACNG8","CACNG8","black","59283"
"CADM3","CADM3","black","57863"
"CADPS","CADPS","turquoise","8618"
"CADPS2","CADPS2","turquoise","93664"
"CALB1","CALB1","turquoise","793"
"CALB2","CALB2","turquoise","794"
"CALD1","CALD1","blue","800"
"CALHM1","CALHM1","turquoise","255022"
"CALM3","CALM3","turquoise","808"
"CALML6","CALML6","brown","163688"
"CALY","CALY","black","50632"
"CAMK1D","CAMK1D","turquoise","57118"
"CAMK1G","CAMK1G","black","57172"
"CAMK2A","CAMK2A","black","815"
"CAMK2B","CAMK2B","black","816"
"CAMK2N2","CAMK2N2","black","94032"
"CAMK4","CAMK4","turquoise","814"
"CAMKK1","CAMKK1","black","84254"
"CAMKK2","CAMKK2","turquoise","10645"
"CAMKV","CAMKV","turquoise","79012"
"CAMSAP3","CAMSAP3","black","57662"
"CAP2","CAP2","turquoise","10486"
"CAPG","CAPG","green","822"
"CAPN11","CAPN11","turquoise","11131"
"CAPN12","CAPN12","grey","147968"
"CAPN13","CAPN13","yellow","92291"
"CAPN14","CAPN14","turquoise","440854"
"CAPN3","CAPN3","yellow","825"
"CAPN8","CAPN8","brown","388743"
"CAPN9","CAPN9","yellow","10753"
"CAPS","CAPS","brown","828"
"CAPSL","CAPSL","grey","133690"
"CARD10","CARD10","blue","29775"
"CARD11","CARD11","green","84433"
"CARD14","CARD14","brown","79092"
"CARD16","CARD16","blue","114769"
"CARD6","CARD6","blue","84674"
"CARD9","CARD9","brown","64170"
"CARHSP1","CARHSP1","brown","23589"
"CARNS1","CARNS1","yellow","57571"
"CARTPT","CARTPT","turquoise","9607"
"CASC1","CASC1","turquoise",NA
"CASKIN1","CASKIN1","black","57524"
"CASP1","CASP1","blue","834"
"CASP4","CASP4","blue","837"
"CASP7","CASP7","blue","840"
"CASQ2","CASQ2","blue","845"
"CASS4","CASS4","blue","57091"
"CATSPERG","CATSPERG","brown","57828"
"CAV1","CAV1","blue","857"
"CAV2","CAV2","blue","858"
"CBLN1","CBLN1","turquoise","869"
"CBLN2","CBLN2","turquoise","147381"
"CBLN4","CBLN4","turquoise","140689"
"CBR1","CBR1","yellow","873"
"CBWD3","CBWD3","turquoise",NA
"CBWD6","CBWD6","turquoise",NA
"CBX2","CBX2","brown","84733"
"CBY3","CBY3","yellow","646019"
"CCBE1","CCBE1","red","147372"
"CCDC102A","CCDC102A","blue","92922"
"CCDC11","CCDC11","brown",NA
"CCDC114","CCDC114","brown",NA
"CCDC116","CCDC116","grey","164592"
"CCDC122","CCDC122","yellow","160857"
"CCDC135","CCDC135","grey",NA
"CCDC141","CCDC141","turquoise","285025"
"CCDC144A","CCDC144A","turquoise","9720"
"CCDC144NL","CCDC144NL","turquoise","339184"
"CCDC147","CCDC147","grey",NA
"CCDC15","CCDC15","yellow","80071"
"CCDC150","CCDC150","yellow","284992"
"CCDC151","CCDC151","brown",NA
"CCDC152","CCDC152","yellow","100129792"
"CCDC154","CCDC154","brown","645811"
"CCDC158","CCDC158","turquoise","339965"
"CCDC163P","CCDC163P","brown",NA
"CCDC169","CCDC169","turquoise","728591"
"CCDC17","CCDC17","brown","149483"
"CCDC170","CCDC170","red","80129"
"CCDC173","CCDC173","brown",NA
"CCDC177","CCDC177.1","red","56936"
"CCDC177","CCDC177","turquoise","56936"
"CCDC3","CCDC3","turquoise","83643"
"CCDC36","CCDC36","brown",NA
"CCDC37","CCDC37","brown",NA
"CCDC42B","CCDC42B","yellow",NA
"CCDC64","CCDC64","black",NA
"CCDC64B","CCDC64B","turquoise",NA
"CCDC68","CCDC68","turquoise","80323"
"CCDC8","CCDC8","blue","83987"
"CCDC80","CCDC80","blue","151887"
"CCDC81","CCDC81","brown","60494"
"CCDC85A","CCDC85A","turquoise","114800"
"CCDC87","CCDC87","turquoise","55231"
"CCDC88B","CCDC88B","brown","283234"
"CCDC89","CCDC89","turquoise","220388"
"CCK","CCK","turquoise","885"
"CCKBR","CCKBR","turquoise","887"
"CCL2","CCL2","blue","6347"
"CCL3","CCL3","grey","6348"
"CCL3L1","CCL3L1","grey","6349"
"CCL4","CCL4","blue","6351"
"CCL5","CCL5","grey","6352"
"CCNA1","CCNA1","turquoise","8900"
"CCNA2","CCNA2","brown","890"
"CCNB2","CCNB2","yellow","9133"
"CCNB3","CCNB3","yellow","85417"
"CCNO","CCNO","turquoise","10309"
"CCP110","CCP110","yellow","9738"
"CCR1","CCR1","green","1230"
"CCR5","CCR5","green","1234"
"CCR6","CCR6","turquoise","1235"
"CCR7","CCR7","yellow","1236"
"CCRL2","CCRL2","blue","9034"
"CCSER1","CCSER1","turquoise","401145"
"CCT6B","CCT6B","grey","10693"
"CD109","CD109","blue","135228"
"CD14","CD14","green","929"
"CD151","CD151","blue","977"
"CD163","CD163","blue","9332"
"CD163L1","CD163L1","turquoise","283316"
"CD177","CD177","yellow","57126"
"CD180","CD180","green","4064"
"CD200R1","CD200R1","turquoise","131450"
"CD209","CD209","blue","30835"
"CD22","CD22","yellow","933"
"CD226","CD226","yellow","10666"
"CD244","CD244","grey","51744"
"CD248","CD248","blue","57124"
"CD27","CD27","yellow","939"
"CD300A","CD300A","green","11314"
"CD300C","CD300C","green","10871"
"CD300LF","CD300LF","green","146722"
"CD33","CD33","green","945"
"CD34","CD34","blue","947"
"CD36","CD36","turquoise","948"
"CD37","CD37","green","951"
"CD38","CD38","red","952"
"CD4","CD4","green","920"
"CD44","CD44","green","960"
"CD52","CD52","brown","1043"
"CD55","CD55","yellow","1604"
"CD6","CD6","turquoise","923"
"CD69","CD69","green","969"
"CD7","CD7","green","924"
"CD72","CD72","brown","971"
"CD74","CD74","green","972"
"CD82","CD82","yellow","3732"
"CD84","CD84","green","8832"
"CD86","CD86","green","942"
"CD8A","CD8A","turquoise","925"
"CD9","CD9","yellow","928"
"CD93","CD93","blue","22918"
"CD97","CD97","yellow",NA
"CDA","CDA","blue","978"
"CDC14A","CDC14A","blue","8556"
"CDC20","CDC20","yellow","991"
"CDC42BPG","CDC42BPG","green","55561"
"CDC42EP1","CDC42EP1","yellow","11135"
"CDC42EP2","CDC42EP2","yellow","10435"
"CDC42EP5","CDC42EP5","blue","148170"
"CDC45","CDC45","blue","8318"
"CDCA5","CDCA5","turquoise","113130"
"CDH1","CDH1","yellow","999"
"CDH10","CDH10","turquoise","1008"
"CDH12","CDH12","turquoise","1010"
"CDH13","CDH13","turquoise","1012"
"CDH18","CDH18","turquoise","1016"
"CDH19","CDH19","yellow","28513"
"CDH22","CDH22","black","64405"
"CDH23","CDH23","green","64072"
"CDH26","CDH26","yellow","60437"
"CDH5","CDH5","blue","1003"
"CDH7","CDH7","turquoise","1005"
"CDH8","CDH8","turquoise","1006"
"CDH9","CDH9","turquoise","1007"
"CDHR2","CDHR2","black","54825"
"CDHR5","CDHR5","yellow","53841"
"CDK1","CDK1","grey","983"
"CDK11A","CDK11A","brown","728642"
"CDK14","CDK14","turquoise","5218"
"CDK18","CDK18","yellow","5129"
"CDK2","CDK2","blue","1017"
"CDK2AP2","CDK2AP2","brown","10263"
"CDK3","CDK3","brown","1018"
"CDK5R1","CDK5R1","turquoise","8851"
"CDK5R2","CDK5R2","black","8941"
"CDKL2","CDKL2","turquoise","8999"
"CDKL5","CDKL5","red","6792"
"CDKN1A","CDKN1A","blue","1026"
"CDKN1C","CDKN1C","yellow","1028"
"CDKN2A","CDKN2A","brown","1029"
"CDKN2C","CDKN2C","brown","1031"
"CDKN3","CDKN3","turquoise","1033"
"CDNF","CDNF","yellow","441549"
"CDR1","CDR1","brown","1038"
"CDR2L","CDR2L","yellow","30850"
"CDRT4","CDRT4","yellow","284040"
"CDS1","CDS1","turquoise","1040"
"CDYL2","CDYL2","red","124359"
"CEACAM1","CEACAM1","green","634"
"CEACAM21","CEACAM21","green","90273"
"CEBPA","CEBPA","green","1050"
"CEBPB","CEBPB","blue","1051"
"CEBPD","CEBPD","blue","1052"
"CECR2","CECR2","yellow","27443"
"CECR6","CECR6","turquoise",NA
"CEL","CEL","brown","1056"
"CELA2B","CELA2B","red","51032"
"CELF2","CELF2","turquoise","10659"
"CELF3","CELF3","black","11189"
"CELF4","CELF4","turquoise","56853"
"CELF5","CELF5","turquoise","60680"
"CELSR1","CELSR1","brown","9620"
"CEND1","CEND1","black","51286"
"CENPB","CENPB","yellow","1059"
"CENPE","CENPE","grey","1062"
"CENPF","CENPF","turquoise","1063"
"CENPI","CENPI","red","2491"
"CENPK","CENPK","turquoise","64105"
"CENPM","CENPM","grey","79019"
"CERCAM","CERCAM","yellow","51148"
"CERKL","CERKL","turquoise","375298"
"CERS2","CERS2","yellow","29956"
"CES1","CES1","blue","1066"
"CES5A","CES5A","turquoise","221223"
"CETP","CETP","green","1071"
"CFB","CFB","blue","629"
"CFD","CFD","brown","1675"
"CFH","CFH","blue","3075"
"CFI","CFI","blue","3426"
"CFLAR","CFLAR","blue","8837"
"CFTR","CFTR","yellow","1080"
"CGN","CGN","brown","57530"
"CGREF1","CGREF1","turquoise","10669"
"CH25H","CH25H","blue","9023"
"CHAC1","CHAC1","black","79094"
"CHAD","CHAD","brown","1101"
"CHADL","CHADL","yellow","150356"
"CHAF1B","CHAF1B","turquoise","8208"
"CHD5","CHD5","black","26038"
"CHD7","CHD7","yellow","55636"
"CHDH","CHDH","brown","55349"
"CHGA","CHGA","black","1113"
"CHGB","CHGB","turquoise","1114"
"CHI3L1","CHI3L1","blue","1116"
"CHI3L2","CHI3L2","green","1117"
"CHL1","CHL1","turquoise","10752"
"CHML","CHML","turquoise","1122"
"CHN1","CHN1","turquoise","1123"
"CHN2","CHN2","yellow","1124"
"CHODL","CHODL","grey","140578"
"CHRDL1","CHRDL1","turquoise","91851"
"CHRFAM7A","CHRFAM7A","turquoise","89832"
"CHRM1","CHRM1","black","1128"
"CHRM2","CHRM2","turquoise","1129"
"CHRM3","CHRM3","turquoise","1131"
"CHRM4","CHRM4","red","1132"
"CHRM5","CHRM5","grey","1133"
"CHRNA1","CHRNA1","turquoise","1134"
"CHRNA10","CHRNA10","brown","57053"
"CHRNA2","CHRNA2","turquoise","1135"
"CHRNA5","CHRNA5","grey","1138"
"CHRNA7","CHRNA7","turquoise","1139"
"CHRNB2","CHRNB2","turquoise","1141"
"CHRNB3","CHRNB3","turquoise","1142"
"CHST14","CHST14","brown","113189"
"CHST3","CHST3","brown","9469"
"CHST5","CHST5","black","23563"
"CHST6","CHST6","yellow","4166"
"CHST8","CHST8","black","64377"
"CHST9","CHST9","yellow","83539"
"CHSY3","CHSY3","turquoise","337876"
"CIDEA","CIDEA","black","1149"
"CIITA","CIITA","green","4261"
"CILP","CILP","brown","8483"
"CILP2","CILP2","black","148113"
"CISD1","CISD1","turquoise","55847"
"CISH","CISH","blue","1154"
"CIT","CIT","black","11113"
"CITED1","CITED1","turquoise","4435"
"CITED2","CITED2","turquoise","10370"
"CKAP2L","CKAP2L","turquoise","150468"
"CKMT1A","CKMT1A","turquoise","548596"
"CKMT1B","CKMT1B","turquoise","1159"
"CKS2","CKS2","brown","1164"
"CLASRP","CLASRP","brown","11129"
"CLCA2","CLCA2","yellow","9635"
"CLCA4","CLCA4","yellow","22802"
"CLCF1","CLCF1","brown","23529"
"CLCNKA","CLCNKA","brown","1187"
"CLDN10","CLDN10","blue","9071"
"CLDN11","CLDN11","yellow","5010"
"CLDN15","CLDN15","brown","24146"
"CLDN16","CLDN16","turquoise","10686"
"CLDN20","CLDN20","grey","49861"
"CLDN4","CLDN4","black","1364"
"CLDN5","CLDN5","blue","7122"
"CLDN7","CLDN7","green","1366"
"CLDN9","CLDN9","brown","9080"
"CLDND1","CLDND1","yellow","56650"
"CLEC18A","CLEC18A","brown","348174"
"CLEC18B","CLEC18B","brown","497190"
"CLEC18C","CLEC18C","brown","283971"
"CLEC1A","CLEC1A","blue","51267"
"CLEC2B","CLEC2B","blue","9976"
"CLEC2L","CLEC2L","black","154790"
"CLEC3B","CLEC3B","grey","7123"
"CLEC4E","CLEC4E","blue","26253"
"CLEC4G","CLEC4G","turquoise","339390"
"CLEC5A","CLEC5A","green","23601"
"CLEC7A","CLEC7A","green","64581"
"CLEC9A","CLEC9A","green","283420"
"CLGN","CLGN","turquoise","1047"
"CLIC1","CLIC1","blue","1192"
"CLIC2","CLIC2","blue","1193"
"CLIC3","CLIC3","blue","9022"
"CLIC4","CLIC4","yellow","25932"
"CLIC5","CLIC5","red","53405"
"CLMN","CLMN","yellow","79789"
"CLMP","CLMP","red","79827"
"CLPSL1","CLPSL1","grey","340204"
"CLRN3","CLRN3","grey","119467"
"CLSPN","CLSPN","turquoise","63967"
"CLSTN2","CLSTN2","turquoise","64084"
"CLSTN3","CLSTN3","turquoise","9746"
"CLUL1","CLUL1","turquoise","27098"
"CLVS1","CLVS1","turquoise","157807"
"CLVS2","CLVS2","turquoise","134829"
"CMKLR1","CMKLR1","green","1240"
"CMPK2","CMPK2","turquoise","129607"
"CMTM3","CMTM3","blue","123920"
"CMTM5","CMTM5","yellow","116173"
"CMTM7","CMTM7","green","112616"
"CNDP1","CNDP1","yellow","84735"
"CNFN","CNFN","grey","84518"
"CNGA3","CNGA3","turquoise","1261"
"CNGB1","CNGB1","red","1258"
"CNGB3","CNGB3","turquoise","54714"
"CNIH2","CNIH2","brown","254263"
"CNIH3","CNIH3","turquoise","149111"
"CNKSR1","CNKSR1","brown","10256"
"CNKSR2","CNKSR2","turquoise","22866"
"CNKSR3","CNKSR3","yellow","154043"
"CNN1","CNN1","grey","1264"
"CNN2","CNN2","blue","1265"
"CNNM1","CNNM1","turquoise","26507"
"CNP","CNP","yellow","1267"
"CNPY1","CNPY1","yellow","285888"
"CNR1","CNR1","turquoise","1268"
"CNTD2","CNTD2","brown",NA
"CNTF","CNTF","yellow","1270"
"CNTFR","CNTFR","brown","1271"
"CNTN2","CNTN2","yellow","6900"
"CNTN3","CNTN3","turquoise","5067"
"CNTN4","CNTN4","turquoise","152330"
"CNTN5","CNTN5","turquoise","53942"
"CNTN6","CNTN6","turquoise","27255"
"CNTNAP1","CNTNAP1","black","8506"
"CNTNAP2","CNTNAP2","turquoise","26047"
"CNTNAP3","CNTNAP3","red","79937"
"CNTNAP3B","CNTNAP3B","red","728577"
"CNTNAP4","CNTNAP4","yellow","85445"
"CNTNAP5","CNTNAP5","red","129684"
"COCH","COCH","turquoise","1690"
"COL10A1","COL10A1","turquoise","1300"
"COL12A1","COL12A1","turquoise","1303"
"COL13A1","COL13A1","grey","1305"
"COL14A1","COL14A1","blue","7373"
"COL15A1","COL15A1","turquoise","1306"
"COL16A1","COL16A1","brown","1307"
"COL17A1","COL17A1","grey","1308"
"COL18A1","COL18A1","brown","80781"
"COL19A1","COL19A1","turquoise","1310"
"COL1A1","COL1A1","blue","1277"
"COL1A2","COL1A2","blue","1278"
"COL22A1","COL22A1","turquoise","169044"
"COL23A1","COL23A1","black","91522"
"COL24A1","COL24A1","turquoise","255631"
"COL25A1","COL25A1","turquoise","84570"
"COL27A1","COL27A1","blue","85301"
"COL2A1","COL2A1","grey","1280"
"COL3A1","COL3A1","blue","1281"
"COL4A1","COL4A1","blue","1282"
"COL4A2","COL4A2","blue","1284"
"COL4A3","COL4A3","blue","1285"
"COL4A5","COL4A5","yellow","1287"
"COL4A6","COL4A6","brown","1288"
"COL5A1","COL5A1","blue","1289"
"COL5A2","COL5A2","turquoise","1290"
"COL5A3","COL5A3","brown","50509"
"COL6A2","COL6A2","blue","1292"
"COL6A3","COL6A3","blue","1293"
"COL8A1","COL8A1","blue","1295"
"COL8A2","COL8A2","green","1296"
"COL9A2","COL9A2","yellow","1298"
"COL9A3","COL9A3","yellow","1299"
"COLEC11","COLEC11","grey","78989"
"COLEC12","COLEC12","blue","81035"
"CORO2A","CORO2A","turquoise","7464"
"CORO6","CORO6","black","84940"
"CORT","CORT","turquoise","1325"
"COX4I2","COX4I2","blue","84701"
"COX6A1P2","COX6A1P2","grey","285849"
"COX6A2","COX6A2","brown","1339"
"COX7A1","COX7A1","brown","1346"
"CP","CP","blue","1356"
"CPA2","CPA2","yellow","1358"
"CPA4","CPA4","grey","51200"
"CPAMD8","CPAMD8","brown","27151"
"CPB2","CPB2","yellow","1361"
"CPED1","CPED1","blue","79974"
"CPLX1","CPLX1","black","10815"
"CPLX2","CPLX2","black","10814"
"CPM","CPM","yellow","1368"
"CPNE2","CPNE2","yellow","221184"
"CPNE4","CPNE4","turquoise","131034"
"CPNE5","CPNE5","turquoise","57699"
"CPNE7","CPNE7","black","27132"
"CPNE8","CPNE8","turquoise","144402"
"CPNE9","CPNE9","black","151835"
"CPQ","CPQ","brown","10404"
"CPT1B","CPT1B","brown","1375"
"CPVL","CPVL","green","54504"
"CPXM1","CPXM1","grey","56265"
"CPXM2","CPXM2","grey","119587"
"CR1","CR1","yellow","1378"
"CR769776","CR769776.1","grey",NA
"CRABP1","CRABP1","grey","1381"
"CRABP2","CRABP2","blue","1382"
"CRB2","CRB2","brown","286204"
"CREB3L2","CREB3L2","brown","64764"
"CREB3L3","CREB3L3","grey","84699"
"CREB5","CREB5","yellow","9586"
"CREG2","CREG2","turquoise","200407"
"CRH","CRH","turquoise","1392"
"CRHBP","CRHBP","turquoise","1393"
"CRHR2","CRHR2","black","1395"
"CRISPLD1","CRISPLD1","grey","83690"
"CRISPLD2","CRISPLD2","blue","83716"
"CRLF1","CRLF1","blue","9244"
"CRYAA","CRYAA","brown","1409"
"CRYAB","CRYAB","yellow","1410"
"CRYBA2","CRYBA2","black","1412"
"CRYBB1","CRYBB1","turquoise","1414"
"CRYBB2","CRYBB2","brown","1415"
"CRYBG3","CRYBG3.1","grey","131544"
"CRYGD","CRYGD","grey","1421"
"CRYGN","CRYGN","red","155051"
"CRYM","CRYM","turquoise","1428"
"CSAG1","CSAG1","blue","158511"
"CSDC2","CSDC2","black","27254"
"CSF1","CSF1","brown","1435"
"CSF1R","CSF1R","green","1436"
"CSF2RB","CSF2RB","green","1439"
"CSF3","CSF3","blue","1440"
"CSF3R","CSF3R","green","1441"
"CSMD1","CSMD1","turquoise","64478"
"CSMD3","CSMD3","turquoise","114788"
"CSRNP3","CSRNP3","turquoise","80034"
"CSRP1","CSRP1","yellow","1465"
"CTB-50L17","CTB-50L17.14","brown",NA
"CTB-58E17","CTB-58E17.5","turquoise",NA
"CTC-203F4","CTC-203F4.1","brown",NA
"CTC-360G5","CTC-360G5.1","brown",NA
"CTD-2014B16","CTD-2014B16.3","turquoise",NA
"CTD-2192J16","CTD-2192J16.20","brown",NA
"CTD-2210P24","CTD-2210P24.4","grey",NA
"CTD-2547L24","CTD-2547L24.3","black",NA
"CTD-2616J11","CTD-2616J11.11","black",NA
"CTD-3088G3","CTD-3088G3.8","yellow",NA
"CTD-3148I10","CTD-3148I10.1","grey",NA
"CTF1","CTF1","brown","1489"
"CTGF","CTGF","blue",NA
"CTHRC1","CTHRC1","turquoise","115908"
"CTNNA3","CTNNA3","yellow","29119"
"CTRC","CTRC","brown","11330"
"CTSL2","CTSL2","yellow",NA
"CTSS","CTSS","green","1520"
"CTU1","CTU1","brown","90353"
"CTXN1","CTXN1","black","404217"
"CTXN2","CTXN2","turquoise","399697"
"CTXN3","CTXN3","turquoise","613212"
"CUEDC1","CUEDC1","yellow","404093"
"CUX2","CUX2","turquoise","23316"
"CX3CL1","CX3CL1","turquoise","6376"
"CX3CR1","CX3CR1","green","1524"
"CXCL1","CXCL1","blue","2919"
"CXCL10","CXCL10","blue","3627"
"CXCL14","CXCL14","turquoise","9547"
"CXCL16","CXCL16","green","58191"
"CXCL2","CXCL2","blue","2920"
"CXCL3","CXCL3","blue","2921"
"CXCL5","CXCL5","blue","6374"
"CXCR4","CXCR4","brown","7852"
"CXCR7","CXCR7","blue",NA
"CXorf21","CXorf21","green",NA
"CXorf28","CXorf28","yellow",NA
"CXorf30","CXorf30","grey",NA
"CXorf36","CXorf36","brown",NA
"CXorf48","CXorf48","turquoise",NA
"CXorf67","CXorf67","brown",NA
"CYB561","CYB561","turquoise","1534"
"CYB5R2","CYB5R2","yellow","51700"
"CYBA","CYBA","green","1535"
"CYBB","CYBB","green","1536"
"CYBRD1","CYBRD1","blue","79901"
"CYGB","CYGB","black","114757"
"CYP11A1","CYP11A1","blue","1583"
"CYP1A1","CYP1A1","grey","1543"
"CYP1B1","CYP1B1","blue","1545"
"CYP21A2","CYP21A2","brown","1589"
"CYP24A1","CYP24A1","turquoise","1591"
"CYP26A1","CYP26A1","turquoise","1592"
"CYP26B1","CYP26B1","turquoise","56603"
"CYP27A1","CYP27A1","yellow","1593"
"CYP27B1","CYP27B1","brown","1594"
"CYP2C8","CYP2C8","turquoise","1558"
"CYP2D6","CYP2D6","brown","1565"
"CYP2J2","CYP2J2","brown","1573"
"CYP2S1","CYP2S1","brown","29785"
"CYP39A1","CYP39A1","brown","51302"
"CYP3A43","CYP3A43","grey","64816"
"CYP3A5","CYP3A5","grey","1577"
"CYP3A7","CYP3A7","turquoise","1551"
"CYP4A11","CYP4A11","turquoise","1579"
"CYP4B1","CYP4B1","blue","1580"
"CYP4F11","CYP4F11","blue","57834"
"CYP4F12","CYP4F12","yellow","66002"
"CYP4F3","CYP4F3","yellow","4051"
"CYP4X1","CYP4X1","turquoise","260293"
"CYP4Z1","CYP4Z1","turquoise","199974"
"CYP51A1","CYP51A1","red","1595"
"CYP7B1","CYP7B1","grey","9420"
"CYR61","CYR61","blue",NA
"CYSLTR1","CYSLTR1","green","10800"
"CYSLTR2","CYSLTR2","blue","57105"
"CYTH4","CYTH4","green","27128"
"CYTIP","CYTIP","blue","9595"
"CYTL1","CYTL1","green","54360"
"CYYR1","CYYR1","blue","116159"
"DAAM2","DAAM2","yellow","23500"
"DACH1","DACH1","turquoise","1602"
"DACH2","DACH2","turquoise","117154"
"DACT2","DACT2","blue","168002"
"DAGLA","DAGLA","black","747"
"DAO","DAO","yellow","1610"
"DAPK1","DAPK1","red","1612"
"DAPK2","DAPK2","yellow","23604"
"DAPP1","DAPP1","green","27071"
"DARC","DARC","blue",NA
"DAW1","DAW1","turquoise","164781"
"DBC1","DBC1","turquoise",NA
"DBH","DBH","black","1621"
"DBNDD1","DBNDD1","black","79007"
"DBNDD2","DBNDD2","yellow","55861"
"DCAF12L2","DCAF12L2","red","340578"
"DCAF6","DCAF6","turquoise","55827"
"DCC","DCC","red","1630"
"DCDC1","DCDC1","turquoise","341019"
"DCDC2","DCDC2","turquoise","51473"
"DCDC2B","DCDC2B","red","149069"
"DCHS2","DCHS2","red","54798"
"DCLK1","DCLK1","turquoise","9201"
"DCLK3","DCLK3","turquoise","85443"
"DCN","DCN","blue","1634"
"DCST2","DCST2","brown","127579"
"DCSTAMP","DCSTAMP","grey","81501"
"DCT","DCT","turquoise","1638"
"DCX","DCX","turquoise","1641"
"DDIT4","DDIT4","brown","54541"
"DDIT4L","DDIT4L","brown","115265"
"DDN","DDN","turquoise","23109"
"DDO","DDO","yellow","8528"
"DDR1","DDR1","yellow","780"
"DDR2","DDR2","blue","4921"
"DDX11","DDX11","brown","1663"
"DDX25","DDX25","turquoise","29118"
"DDX4","DDX4","turquoise","54514"
"DDX43","DDX43","brown","55510"
"DDX6","DDX6","red","1656"
"DDX60","DDX60","blue","55601"
"DEF6","DEF6","green","50619"
"DENND1B","DENND1B","turquoise","163486"
"DENND1C","DENND1C","green","79958"
"DEPDC1","DEPDC1","turquoise","55635"
"DEPDC4","DEPDC4","turquoise","120863"
"DEPDC7","DEPDC7","yellow","91614"
"DERL3","DERL3","brown","91319"
"DES","DES","blue","1674"
"DFNB31","DFNB31","yellow",NA
"DGKB","DGKB","turquoise","1607"
"DGKH","DGKH","turquoise","160851"
"DGKI","DGKI","turquoise","9162"
"DHRS11","DHRS11","turquoise","79154"
"DHRS2","DHRS2","turquoise","10202"
"DHRS3","DHRS3","brown","9249"
"DHRS7C","DHRS7C","black","201140"
"DHRS9","DHRS9","green","10170"
"DIAPH3","DIAPH3","blue","81624"
"DIO2","DIO2","grey","1734"
"DIO3","DIO3","blue","1735"
"DIRAS1","DIRAS1","turquoise","148252"
"DIRAS2","DIRAS2","turquoise","54769"
"DIRAS3","DIRAS3","turquoise","9077"
"DIRC3","DIRC3","turquoise","729582"
"DISP2","DISP2","black","85455"
"DKFZP667F0711","DKFZP667F0711","green",NA
"DKFZP779L1853","DKFZP779L1853","grey",NA
"DKK1","DKK1","grey","22943"
"DKK2","DKK2","turquoise","27123"
"DLEC1","DLEC1","green","9940"
"DLEU2L","DLEU2L","turquoise","79469"
"DLG3","DLG3","turquoise","1741"
"DLGAP1","DLGAP1","turquoise","9229"
"DLGAP2","DLGAP2","turquoise","9228"
"DLGAP3","DLGAP3","black","58512"
"DLL1","DLL1","yellow","28514"
"DLL4","DLL4","blue","54567"
"DLX1","DLX1","turquoise","1745"
"DLX2","DLX2","turquoise","1746"
"DLX5","DLX5","turquoise","1749"
"DLX6","DLX6","turquoise","1750"
"DMBT1","DMBT1","yellow","1755"
"DMKN","DMKN","black","93099"
"DMRT2","DMRT2","yellow","10655"
"DMRT3","DMRT3","turquoise","58524"
"DMRTA1","DMRTA1","blue","63951"
"DMRTA2","DMRTA2","yellow","63950"
"DMXL2","DMXL2","turquoise","23312"
"DNAAF1","DNAAF1","black","123872"
"DNAAF3","DNAAF3","green","352909"
"DNAH10","DNAH10","red","196385"
"DNAH11","DNAH11","brown","8701"
"DNAH12","DNAH12","yellow","201625"
"DNAH14","DNAH14","turquoise","127602"
"DNAH17","DNAH17","yellow","8632"
"DNAH2","DNAH2","red","146754"
"DNAH5","DNAH5","turquoise","1767"
"DNAH7","DNAH7","grey","56171"
"DNAH8","DNAH8","turquoise","1769"
"DNAH9","DNAH9","turquoise","1770"
"DNAI1","DNAI1","brown","27019"
"DNAJB1","DNAJB1","brown","3337"
"DNAJB13","DNAJB13","grey","374407"
"DNAJC22","DNAJC22","yellow","79962"
"DNAJC5G","DNAJC5G","turquoise","285126"
"DNAJC9-AS1","DNAJC9-AS1","grey","414245"
"DNAL1","DNAL1","red","83544"
"DNASE1L2","DNASE1L2","brown","1775"
"DNHD1","DNHD1","brown","144132"
"DNM1","DNM1","black","1759"
"DOC2A","DOC2A","turquoise","8448"
"DOC2B","DOC2B","red","8447"
"DOCK1","DOCK1","brown","1793"
"DOCK10","DOCK10","yellow","55619"
"DOCK2","DOCK2","green","1794"
"DOCK5","DOCK5","yellow","80005"
"DOCK6","DOCK6","blue","57572"
"DOCK8","DOCK8","green","81704"
"DOHH","DOHH","yellow","83475"
"DOK1","DOK1","brown","1796"
"DOK3","DOK3","brown","79930"
"DOK6","DOK6","turquoise","220164"
"DOK7","DOK7","brown","285489"
"DPEP2","DPEP2","brown","64174"
"DPP10","DPP10","turquoise","57628"
"DPP4","DPP4","turquoise","1803"
"DPT","DPT","turquoise","1805"
"DPY19L2","DPY19L2","turquoise","283417"
"DPYS","DPYS","turquoise","1807"
"DPYSL5","DPYSL5","yellow","56896"
"DQX1","DQX1","brown","165545"
"DRC1","DRC1","grey","92749"
"DRD1","DRD1","turquoise","1812"
"DRD2","DRD2","brown","1813"
"DRD4","DRD4","brown","1815"
"DRD5","DRD5","turquoise","1816"
"DRGX","DRGX","turquoise","644168"
"DRP2","DRP2","turquoise","1821"
"DSC1","DSC1","turquoise","1823"
"DSC2","DSC2","blue","1824"
"DSCC1","DSCC1","turquoise","79075"
"DSG2","DSG2","grey","1829"
"DSP","DSP","blue","1832"
"DTX3L","DTX3L","blue","151636"
"DUOX1","DUOX1","yellow","53905"
"DUOX2","DUOX2","brown","50506"
"DUOXA1","DUOXA1","yellow","90527"
"DUSP1","DUSP1","blue","1843"
"DUSP10","DUSP10","yellow","11221"
"DUSP2","DUSP2","turquoise","1844"
"DUSP27","DUSP27","turquoise",NA
"DUSP4","DUSP4","turquoise","1846"
"DUSP5","DUSP5","blue","1847"
"DUSP6","DUSP6","turquoise","1848"
"DUSP9","DUSP9","brown","1852"
"DYDC2","DYDC2","turquoise","84332"
"DYNC1I1","DYNC1I1","turquoise","1780"
"DYNLT3","DYNLT3","turquoise","6990"
"DYSF","DYSF","yellow","8291"
"DYX1C1","DYX1C1","grey",NA
"EBF1","EBF1","blue","1879"
"EBF4","EBF4","brown","57593"
"EBI3","EBI3","green","10148"
"EBLN2","EBLN2","yellow","55096"
"ECEL1","ECEL1","grey","9427"
"ECHDC3","ECHDC3","blue","79746"
"ECM2","ECM2","blue","1842"
"ECSCR","ECSCR","blue","641700"
"ECT2L","ECT2L","brown","345930"
"EDA","EDA","brown","1896"
"EDA2R","EDA2R","brown","60401"
"EDIL3","EDIL3","yellow","10085"
"EDN1","EDN1","blue","1906"
"EDN3","EDN3","turquoise","1908"
"EDNRA","EDNRA","blue","1909"
"EDNRB","EDNRB","grey","1910"
"EEF1A2","EEF1A2","black","1917"
"EEF1G","EEF1G","brown","1937"
"EFCAB1","EFCAB1","turquoise",NA
"EFCAB6","EFCAB6","turquoise","64800"
"EFEMP1","EFEMP1","blue","2202"
"EFHB","EFHB","grey","151651"
"EFHD1","EFHD1","yellow","80303"
"EFHD2","EFHD2","black","79180"
"EFNA1","EFNA1","brown","1942"
"EFNA4","EFNA4","brown","1945"
"EFNA5","EFNA5","turquoise","1946"
"EFNB3","EFNB3","turquoise","1949"
"EFR3B","EFR3B","red","22979"
"EFS","EFS","yellow","10278"
"EGF","EGF","grey","1950"
"EGFL6","EGFL6","turquoise","25975"
"EGFLAM","EGFLAM","blue","133584"
"EGFR","EGFR","blue","1956"
"EGR1","EGR1","turquoise","1958"
"EGR2","EGR2","turquoise","1959"
"EGR3","EGR3","turquoise","1960"
"EGR4","EGR4","turquoise","1961"
"EHD2","EHD2","blue","30846"
"EHF","EHF","red","26298"
"EIF3CL","EIF3CL","turquoise","728689"
"EIF4E1B","EIF4E1B","black","253314"
"EIF4EBP1","EIF4EBP1","blue","1978"
"EIF5AL1","EIF5AL1","grey","143244"
"ELANE","ELANE","grey","1991"
"ELAVL2","ELAVL2","turquoise","1993"
"ELAVL4","ELAVL4","turquoise","1996"
"ELF4","ELF4","green","2000"
"ELFN2","ELFN2","black","114794"
"ELK1","ELK1","brown","2002"
"ELL3","ELL3","brown","80237"
"ELMOD1","ELMOD1","turquoise","55531"
"ELN","ELN","brown","2006"
"ELOVL1","ELOVL1","yellow","64834"
"ELOVL3","ELOVL3","brown","83401"
"ELOVL4","ELOVL4","turquoise","6785"
"ELOVL7","ELOVL7","blue","79993"
"ELTD1","ELTD1","blue",NA
"EMB","EMB","turquoise","133418"
"EMCN","EMCN","blue","51705"
"EME1","EME1","yellow","146956"
"EMILIN1","EMILIN1","blue","11117"
"EMILIN2","EMILIN2","blue","84034"
"EMILIN3","EMILIN3","turquoise","90187"
"EML3","EML3","brown","256364"
"EMP1","EMP1","blue","2012"
"EMP2","EMP2","blue","2013"
"EMP3","EMP3","blue","2014"
"EMR2","EMR2","green",NA
"EMX1","EMX1","black","2016"
"EMX2","EMX2","blue","2018"
"EN2","EN2","yellow","2020"
"ENC1","ENC1","turquoise","8507"
"ENG","ENG","blue","2022"
"ENO4","ENO4","yellow","387712"
"ENOSF1","ENOSF1","yellow","55556"
"ENPEP","ENPEP","blue","2028"
"ENPP2","ENPP2","yellow","5168"
"ENPP6","ENPP6","yellow","133121"
"ENTPD2","ENTPD2","green","954"
"ENTPD3","ENTPD3","turquoise","956"
"EPAS1","EPAS1","blue","2034"
"EPB41L4B","EPB41L4B","turquoise","54566"
"EPB49","EPB49","black",NA
"EPCAM","EPCAM","turquoise","4072"
"EPDR1","EPDR1","turquoise","54749"
"EPHA2","EPHA2","blue","1969"
"EPHA3","EPHA3","turquoise","2042"
"EPHA4","EPHA4","turquoise","2043"
"EPHA5","EPHA5","turquoise","2044"
"EPHA6","EPHA6","turquoise","285220"
"EPHA7","EPHA7","turquoise","2045"
"EPHA8","EPHA8","black","2046"
"EPHB4","EPHB4","brown","2050"
"EPHB6","EPHB6","black","2051"
"EPHX1","EPHX1","brown","2052"
"EPHX4","EPHX4","turquoise","253152"
"EPN3","EPN3","black","55040"
"EPPK1","EPPK1","green","83481"
"EPS8L1","EPS8L1","brown","54869"
"EPSTI1","EPSTI1","blue","94240"
"ERAP2","ERAP2","grey","64167"
"ERAS","ERAS","brown","3266"
"ERBB2","ERBB2","blue","2064"
"ERBB2IP","ERBB2IP","yellow",NA
"ERBB3","ERBB3","yellow","2065"
"ERC2","ERC2","turquoise","26059"
"ERG","ERG","blue","2078"
"ERMN","ERMN","yellow","57471"
"ERN1","ERN1","red","2081"
"ERV3-1","ERV3-1","red","2086"
"ERVMER34-1","ERVMER34-1","grey","100288413"
"ERVW-1","ERVW-1","grey","30816"
"ESAM","ESAM","blue","90952"
"ESPN","ESPN","brown","83715"
"ESR1","ESR1","red","2099"
"ESR2","ESR2","red","2100"
"ESRP1","ESRP1","turquoise","54845"
"ESRP2","ESRP2","brown","80004"
"ESRRB","ESRRB","green","2103"
"ESRRG","ESRRG","turquoise","2104"
"ESYT3","ESYT3","brown","83850"
"ETV1","ETV1","turquoise","2115"
"ETV2","ETV2","brown","2116"
"ETV4","ETV4","brown","2118"
"ETV7","ETV7","blue","51513"
"EVA1B","EVA1B","brown","55194"
"EVC","EVC","blue","2121"
"EVC2","EVC2","blue","132884"
"EVI2A","EVI2A","yellow","2123"
"EVI2B","EVI2B","yellow","2124"
"EVPL","EVPL","black","2125"
"EXD1","EXD1","grey","161829"
"EXO1","EXO1","turquoise","9156"
"EXTL1","EXTL1","turquoise","2134"
"EYA1","EYA1","blue","2138"
"EYA2","EYA2","blue","2139"
"EYA4","EYA4","turquoise","2070"
"EZR","EZR","brown","7430"
"F11","F11","grey","2160"
"F11R","F11R","blue","50848"
"F12","F12","black","2161"
"F13A1","F13A1","blue","2162"
"F2RL1","F2RL1","grey","2150"
"F3","F3","blue","2152"
"F5","F5","grey","2153"
"F7","F7","turquoise","2155"
"FA2H","FA2H","yellow","79152"
"FABP1","FABP1","red","2168"
"FADS6","FADS6","turquoise","283985"
"FAM102B","FAM102B","turquoise",NA
"FAM107A","FAM107A","blue","11170"
"FAM107B","FAM107B","yellow","83641"
"FAM110D","FAM110D","blue","79927"
"FAM114A1","FAM114A1","brown","92689"
"FAM115C","FAM115C","blue",NA
"FAM118A","FAM118A","brown","55007"
"FAM124A","FAM124A","yellow","220108"
"FAM124B","FAM124B","blue","79843"
"FAM126B","FAM126B","turquoise",NA
"FAM129A","FAM129A","blue",NA
"FAM129B","FAM129B","blue",NA
"FAM129C","FAM129C","brown",NA
"FAM132A","FAM132A","brown",NA
"FAM132B","FAM132B","turquoise",NA
"FAM135B","FAM135B","turquoise","51059"
"FAM150B","FAM150B","turquoise",NA
"FAM151A","FAM151A","brown","338094"
"FAM153A","FAM153A","turquoise","285596"
"FAM153B","FAM153B","turquoise","202134"
"FAM153C","FAM153C","grey",NA
"FAM155A","FAM155A","red",NA
"FAM160A1","FAM160A1","turquoise",NA
"FAM162B","FAM162B","turquoise","221303"
"FAM163A","FAM163A","turquoise","148753"
"FAM163B","FAM163B","black","642968"
"FAM166B","FAM166B","brown",NA
"FAM167B","FAM167B","brown","84734"
"FAM171A2","FAM171A2","black","284069"
"FAM177B","FAM177B","green","400823"
"FAM178B","FAM178B","yellow","51252"
"FAM179A","FAM179A","brown",NA
"FAM180B","FAM180B","turquoise","399888"
"FAM181A","FAM181A","brown","90050"
"FAM181B","FAM181B","brown","220382"
"FAM186A","FAM186A","brown","121006"
"FAM189A1","FAM189A1","black",NA
"FAM189A2","FAM189A2","brown",NA
"FAM194B","FAM194B","red",NA
"FAM196B","FAM196B","red",NA
"FAM19A1","FAM19A1","turquoise",NA
"FAM19A2","FAM19A2","turquoise",NA
"FAM19A3","FAM19A3","black",NA
"FAM20A","FAM20A","blue","54757"
"FAM21A","FAM21A","grey",NA
"FAM21B","FAM21B","grey",NA
"FAM222A","FAM222A","yellow","84915"
"FAM229A","FAM229A","brown","100128071"
"FAM26E","FAM26E","blue",NA
"FAM27A","FAM27A","grey",NA
"FAM27E2","FAM27E2","grey","100289124"
"FAM27E3","FAM27E3","blue","100131997"
"FAM3C","FAM3C","turquoise","10447"
"FAM43B","FAM43B","brown","163933"
"FAM46A","FAM46A","blue",NA
"FAM46B","FAM46B","blue",NA
"FAM46C","FAM46C","blue",NA
"FAM47E-STBD1","FAM47E-STBD1","turquoise","100631383"
"FAM49A","FAM49A","turquoise",NA
"FAM53A","FAM53A","yellow","152877"
"FAM53B","FAM53B","yellow","9679"
"FAM57B","FAM57B","black",NA
"FAM60A","FAM60A","blue",NA
"FAM63A","FAM63A","yellow",NA
"FAM65B","FAM65B","turquoise",NA
"FAM65C","FAM65C","blue",NA
"FAM71F2","FAM71F2","brown",NA
"FAM72D","FAM72D","turquoise","728833"
"FAM73A","FAM73A","turquoise",NA
"FAM78B","FAM78B","red","149297"
"FAM81A","FAM81A","turquoise","145773"
"FAM83D","FAM83D","grey","81610"
"FAM83G","FAM83G","blue","644815"
"FAM84A","FAM84A","turquoise",NA
"FAM84B","FAM84B","yellow",NA
"FAM89A","FAM89A","blue","375061"
"FANCB","FANCB","yellow","2187"
"FAS","FAS","blue","355"
"FAT3","FAT3","turquoise","120114"
"FAT4","FAT4","yellow","79633"
"FATE1","FATE1","brown","89885"
"FAXC","FAXC","turquoise","84553"
"FAXDC2","FAXDC2","yellow","10826"
"FBLIM1","FBLIM1","blue","54751"
"FBLL1","FBLL1","black","345630"
"FBLN1","FBLN1","blue","2192"
"FBLN2","FBLN2","blue","2199"
"FBLN5","FBLN5","blue","10516"
"FBLN7","FBLN7","turquoise","129804"
"FBN2","FBN2","grey","2201"
"FBP1","FBP1","green","2203"
"FBXL13","FBXL13","red","222235"
"FBXL16","FBXL16","black","146330"
"FBXL18","FBXL18","red","80028"
"FBXL2","FBXL2","turquoise","25827"
"FBXL22","FBXL22","turquoise","283807"
"FBXL7","FBXL7","brown","23194"
"FBXO16","FBXO16","turquoise","157574"
"FBXO24","FBXO24","yellow","26261"
"FBXO40","FBXO40","turquoise","51725"
"FBXO41","FBXO41","black","150726"
"FBXW4","FBXW4","brown","6468"
"FBXW7","FBXW7","turquoise","55294"
"FCER1G","FCER1G","green","2207"
"FCGBP","FCGBP","green","8857"
"FCGR1A","FCGR1A","green","2209"
"FCGR1B","FCGR1B","green",NA
"FCGR2A","FCGR2A","green","2212"
"FCGR2B","FCGR2B","green","2213"
"FCGR3A","FCGR3A","green","2214"
"FCGRT","FCGRT","green","2217"
"FCHO1","FCHO1","yellow","23149"
"FCRLA","FCRLA","yellow","84824"
"FEM1A","FEM1A","red","55527"
"FERMT1","FERMT1","grey","55612"
"FERMT3","FERMT3","green","83706"
"FES","FES","blue","2242"
"FEZF2","FEZF2","grey","55079"
"FFAR1","FFAR1","yellow","2864"
"FFAR4","FFAR4","turquoise","338557"
"FGD2","FGD2","green","221472"
"FGF1","FGF1","yellow","2246"
"FGF10","FGF10","turquoise","2255"
"FGF11","FGF11","blue","2256"
"FGF12","FGF12","turquoise","2257"
"FGF13","FGF13","turquoise","2258"
"FGF14","FGF14","turquoise","2259"
"FGF17","FGF17","brown","8822"
"FGF18","FGF18","grey","8817"
"FGF2","FGF2","blue","2247"
"FGF20","FGF20","grey","26281"
"FGF5","FGF5","turquoise","2250"
"FGF7","FGF7","turquoise","2252"
"FGF8","FGF8","grey","2253"
"FGF9","FGF9","turquoise","2254"
"FGFR2","FGFR2","yellow","2263"
"FGFR3","FGFR3","brown","2261"
"FGFR4","FGFR4","brown","2264"
"FGFRL1","FGFRL1","blue","53834"
"FGL1","FGL1","blue","2267"
"FGL2","FGL2","blue","10875"
"FGR","FGR","blue","2268"
"FHAD1","FHAD1","turquoise","114827"
"FHL2","FHL2","turquoise","2274"
"FHL5","FHL5","blue","9457"
"FIBCD1","FIBCD1","yellow","84929"
"FILIP1","FILIP1","turquoise","27145"
"FILIP1L","FILIP1L","red","11259"
"FITM1","FITM1","brown","161247"
"FKBP10","FKBP10","blue","60681"
"FKBP1B","FKBP1B","turquoise","2281"
"FKBP5","FKBP5","brown","2289"
"FLCN","FLCN.1","brown","201163"
"FLG","FLG","red","2312"
"FLI1","FLI1","blue","2313"
"FLJ00418","FLJ00418","brown",NA
"FLJ22184","FLJ22184","black",NA
"FLJ27365","FLJ27365","brown",NA
"FLNA","FLNA","blue","2316"
"FLNC","FLNC","yellow","2318"
"FLRT2","FLRT2","turquoise","23768"
"FLRT3","FLRT3","turquoise","23767"
"FLT1","FLT1","blue","2321"
"FLT3","FLT3","turquoise","2322"
"FLT3LG","FLT3LG","brown","2323"
"FLT4","FLT4","blue","2324"
"FLVCR2","FLVCR2","blue","55640"
"FMN1","FMN1","turquoise","342184"
"FMO2","FMO2","blue","2327"
"FMO3","FMO3","blue","2328"
"FMO4","FMO4","yellow","2329"
"FMOD","FMOD","blue","2331"
"FN1","FN1","blue","2335"
"FNDC5","FNDC5","turquoise","252995"
"FNDC9","FNDC9","turquoise","408263"
"FOLH1","FOLH1","yellow","2346"
"FOLR1","FOLR1","blue","2348"
"FOLR2","FOLR2","green","2350"
"FOS","FOS","blue","2353"
"FOSB","FOSB","turquoise","2354"
"FOSL1","FOSL1","blue","8061"
"FOSL2","FOSL2","blue","2355"
"FOXC1","FOXC1","blue","2296"
"FOXC2","FOXC2","blue","2303"
"FOXD4","FOXD4","brown","2298"
"FOXD4L1","FOXD4L1","brown","200350"
"FOXD4L6","FOXD4L6","grey","653404"
"FOXF1","FOXF1","blue","2294"
"FOXJ1","FOXJ1","brown","2302"
"FOXL1","FOXL1","blue","2300"
"FOXL2","FOXL2","blue","668"
"FOXN2","FOXN2","yellow","3344"
"FOXN4","FOXN4","brown","121643"
"FOXO4","FOXO4","brown","4303"
"FOXO6","FOXO6","brown","100132074"
"FOXP2","FOXP2","turquoise","93986"
"FOXP3","FOXP3","grey","50943"
"FOXS1","FOXS1","grey","2307"
"FPR1","FPR1","green","2357"
"FPR3","FPR3","green","2359"
"FRAS1","FRAS1","turquoise","80144"
"FREM1","FREM1","turquoise","158326"
"FREM2","FREM2","grey","341640"
"FREM3","FREM3","turquoise","166752"
"FRK","FRK","yellow","2444"
"FRMD4B","FRMD4B","yellow","23150"
"FRMPD2","FRMPD2","turquoise","143162"
"FRMPD4","FRMPD4","turquoise","9758"
"FRRS1L","FRRS1L","turquoise","23732"
"FRYL","FRYL","yellow","285527"
"FRZB","FRZB","grey","2487"
"FSCN2","FSCN2","black","25794"
"FSIP1","FSIP1","turquoise","161835"
"FSIP2","FSIP2","grey","401024"
"FST","FST","turquoise","10468"
"FSTL1","FSTL1","blue","11167"
"FSTL4","FSTL4","turquoise","23105"
"FSTL5","FSTL5","turquoise","56884"
"FTCD","FTCD","brown","10841"
"FTO","FTO","red","79068"
"FUT1","FUT1","brown","2523"
"FUT7","FUT7","brown","2529"
"FUT9","FUT9","turquoise","10690"
"FXYD3","FXYD3","brown","5349"
"FXYD4","FXYD4","yellow","53828"
"FXYD5","FXYD5","blue","53827"
"FXYD7","FXYD7","brown","53822"
"FYB","FYB","green",NA
"FZD10","FZD10","blue","11211"
"FZD2","FZD2","blue","2535"
"FZD3","FZD3","turquoise","7976"
"FZD5","FZD5","yellow","7855"
"FZD7","FZD7","blue","8324"
"FZD8","FZD8","brown","8325"
"FZD9","FZD9","brown","8326"
"G0S2","G0S2","brown","50486"
"G3BP2","G3BP2","turquoise","9908"
"GAB1","GAB1","yellow","2549"
"GAB2","GAB2","yellow","9846"
"GAB3","GAB3","green","139716"
"GABBR2","GABBR2","turquoise","9568"
"GABRA1","GABRA1","turquoise","2554"
"GABRA2","GABRA2","turquoise","2555"
"GABRA3","GABRA3","turquoise","2556"
"GABRA4","GABRA4","turquoise","2557"
"GABRA5","GABRA5","turquoise","2558"
"GABRA6","GABRA6","turquoise","2559"
"GABRB1","GABRB1","red","2560"
"GABRB2","GABRB2","turquoise","2561"
"GABRB3","GABRB3","turquoise","2562"
"GABRD","GABRD","black","2563"
"GABRE","GABRE","blue","2564"
"GABRG1","GABRG1","blue","2565"
"GABRG2","GABRG2","turquoise","2566"
"GABRG3","GABRG3","turquoise","2567"
"GABRQ","GABRQ","red","55879"
"GAD1","GAD1","turquoise","2571"
"GAD2","GAD2","turquoise","2572"
"GADD45A","GADD45A","blue","1647"
"GADD45B","GADD45B","blue","4616"
"GADD45G","GADD45G","brown","10912"
"GAL","GAL","grey","51083"
"GAL3ST1","GAL3ST1","yellow","9514"
"GAL3ST2","GAL3ST2","red","64090"
"GAL3ST3","GAL3ST3","black","89792"
"GALNT14","GALNT14","turquoise","79623"
"GALNT15","GALNT15","green","117248"
"GALNT16","GALNT16","black","57452"
"GALNT6","GALNT6","yellow","11226"
"GALNT8","GALNT8","yellow","26290"
"GALNT9","GALNT9","black","50614"
"GALNTL5","GALNTL5","turquoise","168391"
"GALNTL6","GALNTL6","turquoise","442117"
"GAP43","GAP43","turquoise","2596"
"GAPT","GAPT","green","202309"
"GAREML","GAREML","brown",NA
"GAS1","GAS1","brown","2619"
"GAS2L2","GAS2L2","brown","246176"
"GAS2L3","GAS2L3","grey","283431"
"GATA2","GATA2","blue","2624"
"GATSL3","GATSL3","brown",NA
"GBP1","GBP1","blue","2633"
"GBP2","GBP2","blue","2634"
"GBP3","GBP3","blue","2635"
"GBP4","GBP4","blue","115361"
"GBP5","GBP5","blue","115362"
"GCKR","GCKR","black","2646"
"GCNT4","GCNT4","red","51301"
"GDA","GDA","turquoise","9615"
"GDAP1","GDAP1","turquoise","54332"
"GDAP1L1","GDAP1L1","black","78997"
"GDF15","GDF15","blue","9518"
"GDF7","GDF7","red","151449"
"GDNF","GDNF","yellow","2668"
"GDPD2","GDPD2","blue","54857"
"GDPD3","GDPD3","brown","79153"
"GEM","GEM","blue","2669"
"GFAP","GFAP","green","2670"
"GFOD1","GFOD1","turquoise","54438"
"GFRA2","GFRA2","turquoise","2675"
"GGNBP1","GGNBP1","turquoise","449520"
"GGT5","GGT5","blue","2687"
"GHRHR","GHRHR","blue","2692"
"GHRL","GHRL","brown","51738"
"GIMAP2","GIMAP2","blue","26157"
"GIMAP5","GIMAP5","blue","55340"
"GIMAP7","GIMAP7","blue","168537"
"GIMAP8","GIMAP8","blue","155038"
"GINS4","GINS4","yellow","84296"
"GIPC2","GIPC2","grey","54810"
"GIPC3","GIPC3","green","126326"
"GIPR","GIPR","yellow","2696"
"GJA1","GJA1","blue","2697"
"GJA4","GJA4","blue","2701"
"GJA5","GJA5","blue","2702"
"GJB1","GJB1","yellow","2705"
"GJB2","GJB2","blue","2706"
"GJB3","GJB3","black","2707"
"GJB5","GJB5","black","2709"
"GJB6","GJB6","blue","10804"
"GJC2","GJC2","yellow","57165"
"GJC3","GJC3","yellow","349149"
"GJD2","GJD2","turquoise","57369"
"GJD4","GJD4","turquoise","219770"
"GLB1L3","GLB1L3","turquoise","112937"
"GLDN","GLDN","yellow","342035"
"GLI1","GLI1","brown","2735"
"GLI2","GLI2","blue","2736"
"GLI3","GLI3","brown","2737"
"GLIPR1L2","GLIPR1L2","yellow","144321"
"GLIPR2","GLIPR2","yellow","152007"
"GLIS1","GLIS1","brown","148979"
"GLIS3","GLIS3","blue","169792"
"GLP2R","GLP2R","turquoise","9340"
"GLRA2","GLRA2","turquoise","2742"
"GLRA3","GLRA3","turquoise","8001"
"GLRB","GLRB","turquoise","2743"
"GLS2","GLS2","black","27165"
"GLT1D1","GLT1D1","turquoise","144423"
"GLTP","GLTP","yellow","51228"
"GLUD2","GLUD2","turquoise","2747"
"GLYATL2","GLYATL2","turquoise","219970"
"GMNC","GMNC","grey","647309"
"GMPR","GMPR","green","2766"
"GNA14","GNA14","blue","9630"
"GNB3","GNB3","brown","2784"
"GNB4","GNB4","red","59345"
"GNB5","GNB5","turquoise","10681"
"GNG11","GNG11","blue","2791"
"GNG13","GNG13","black","51764"
"GNG2","GNG2","turquoise","54331"
"GNG3","GNG3","black","2785"
"GNG4","GNG4","turquoise","2786"
"GNG8","GNG8","yellow","94235"
"GNGT2","GNGT2","green","2793"
"GNL3L","GNL3L","green","54552"
"GNLY","GNLY","green","10578"
"GNRH2","GNRH2","brown","2797"
"GNRHR","GNRHR","turquoise","2798"
"GOLGA6L9","GOLGA6L9","grey","440295"
"GOLGA7B","GOLGA7B.1","brown","401647"
"GOLGA8B","GOLGA8B","turquoise","440270"
"GOLGA8H","GOLGA8H","red","728498"
"GOLGA8M","GOLGA8M","red","653720"
"GOLGA8N","GOLGA8N","grey","643699"
"GOLGA8R","GOLGA8R","grey","101059918"
"GOLT1A","GOLT1A","turquoise","127845"
"GOT1","GOT1","turquoise","2805"
"GP6","GP6","brown","51206"
"GPC2","GPC2","brown","221914"
"GPC3","GPC3","grey","2719"
"GPC5","GPC5","blue","2262"
"GPC6","GPC6","turquoise","10082"
"GPCPD1","GPCPD1","turquoise","56261"
"GPD1","GPD1","turquoise","2819"
"GPER","GPER","blue",NA
"GPIHBP1","GPIHBP1","yellow","338328"
"GPLD1","GPLD1","red","2822"
"GPM6A","GPM6A","turquoise","2823"
"GPNMB","GPNMB","blue","10457"
"GPR114","GPR114","green",NA
"GPR12","GPR12","turquoise","2835"
"GPR123","GPR123","black",NA
"GPR126","GPR126","blue",NA
"GPR143","GPR143","brown","4935"
"GPR146","GPR146","green","115330"
"GPR150","GPR150","turquoise","285601"
"GPR151","GPR151","turquoise","134391"
"GPR153","GPR153","brown","387509"
"GPR158","GPR158","turquoise","57512"
"GPR160","GPR160","green","26996"
"GPR162","GPR162","black","27239"
"GPR17","GPR17","yellow","2840"
"GPR176","GPR176","turquoise","11245"
"GPR179","GPR179","red","440435"
"GPR183","GPR183","green","1880"
"GPR21","GPR21","turquoise","2844"
"GPR22","GPR22","turquoise","2845"
"GPR26","GPR26","turquoise","2849"
"GPR3","GPR3","turquoise","2827"
"GPR34","GPR34","green","2857"
"GPR35","GPR35","brown","2859"
"GPR37","GPR37","yellow","2861"
"GPR37L1","GPR37L1","brown","9283"
"GPR4","GPR4","blue","2828"
"GPR45","GPR45","red","11250"
"GPR52","GPR52","turquoise","9293"
"GPR55","GPR55","brown","9290"
"GPR56","GPR56","brown",NA
"GPR6","GPR6","grey","2830"
"GPR61","GPR61","turquoise","83873"
"GPR62","GPR62","yellow","118442"
"GPR63","GPR63","red","81491"
"GPR65","GPR65","green","8477"
"GPR68","GPR68","turquoise","8111"
"GPR75","GPR75","red","10936"
"GPR83","GPR83","turquoise","10888"
"GPR84","GPR84","green","53831"
"GPR88","GPR88","turquoise","54112"
"GPR89B","GPR89B","red","51463"
"GPR98","GPR98","blue",NA
"GPRASP1","GPRASP1","turquoise","9737"
"GPRASP2","GPRASP2","turquoise","114928"
"GPRC5A","GPRC5A","blue","9052"
"GPRC5B","GPRC5B","yellow","51704"
"GPRC5C","GPRC5C","blue","55890"
"GPRIN1","GPRIN1","black","114787"
"GPRIN2","GPRIN2","turquoise","9721"
"GPRIN3","GPRIN3","red","285513"
"GPSM3","GPSM3","green","63940"
"GPX3","GPX3","grey","2878"
"GPX8","GPX8","blue","493869"
"GRAMD1B","GRAMD1B","black","57476"
"GRAMD1C","GRAMD1C","blue","54762"
"GRAMD2","GRAMD2","blue",NA
"GRAP","GRAP","blue","10750"
"GRB14","GRB14","turquoise","2888"
"GRB7","GRB7","black","2886"
"GREB1L","GREB1L","red","80000"
"GREM1","GREM1","yellow","26585"
"GREM2","GREM2","turquoise","64388"
"GRHL1","GRHL1","turquoise","29841"
"GRHL2","GRHL2","grey","79977"
"GRIA1","GRIA1","turquoise","2890"
"GRIA2","GRIA2","turquoise","2891"
"GRIA3","GRIA3","turquoise","2892"
"GRID2IP","GRID2IP","red","392862"
"GRIK1","GRIK1","turquoise","2897"
"GRIK2","GRIK2","turquoise","2898"
"GRIK3","GRIK3","turquoise","2899"
"GRIN1","GRIN1","black","2902"
"GRIN2A","GRIN2A","turquoise","2903"
"GRIN2B","GRIN2B","turquoise","2904"
"GRIN2C","GRIN2C","brown","2905"
"GRIN2D","GRIN2D","black","2906"
"GRIN3A","GRIN3A","turquoise","116443"
"GRIP1","GRIP1","turquoise","23426"
"GRM1","GRM1","turquoise","2911"
"GRM2","GRM2","turquoise","2912"
"GRM4","GRM4","black","2914"
"GRM5","GRM5","red","2915"
"GRM7","GRM7","turquoise","2917"
"GRM8","GRM8","turquoise","2918"
"GRP","GRP","turquoise","2922"
"GRTP1","GRTP1","blue","79774"
"GSDMD","GSDMD","blue","79792"
"GSG1","GSG1","grey","83445"
"GSN","GSN","yellow","2934"
"GSTM1","GSTM1","grey","2944"
"GSTM5","GSTM5","blue","2949"
"GSTT1","GSTT1","grey","2952"
"GSTT2","GSTT2","grey","2953"
"GSTT2B","GSTT2B","grey","653689"
"GSX2","GSX2","grey","170825"
"GTF2H2","GTF2H2","grey","2966"
"GTSE1","GTSE1","green","51512"
"GUCA1A","GUCA1A","turquoise","2978"
"GUCA1B","GUCA1B","brown","2979"
"GUCY1A2","GUCY1A2","turquoise","2977"
"GUCY1B3","GUCY1B3","turquoise",NA
"GUCY2C","GUCY2C","red","2984"
"GUCY2D","GUCY2D","black","3000"
"GULP1","GULP1","turquoise","51454"
"GYPC","GYPC","blue","2995"
"GYPE","GYPE","turquoise","2996"
"GYS2","GYS2","brown","2998"
"GZMM","GZMM","brown","3004"
"H1FNT","H1FNT","red",NA
"H2AFJ","H2AFJ","brown",NA
"H2BFM","H2BFM","brown",NA
"HAAO","HAAO","brown","23498"
"HABP2","HABP2","grey","3026"
"HAMP","HAMP","green","57817"
"HAP1","HAP1","brown","9001"
"HAPLN1","HAPLN1","turquoise","1404"
"HAPLN2","HAPLN2","yellow","60484"
"HAPLN3","HAPLN3","blue","145864"
"HAS1","HAS1","turquoise","3036"
"HAS2","HAS2","yellow","3037"
"HAVCR2","HAVCR2","green","84868"
"HBA1","HBA1","brown","3039"
"HBA2","HBA2","brown","3040"
"HBB","HBB","blue","3043"
"HBQ1","HBQ1","turquoise","3049"
"HCK","HCK","green","3055"
"HCLS1","HCLS1","green","3059"
"HCN1","HCN1","turquoise","348980"
"HCN4","HCN4","turquoise","10021"
"HCRTR2","HCRTR2","turquoise","3062"
"HCST","HCST","green","10870"
"HDAC10","HDAC10","brown","83933"
"HDC","HDC","turquoise","3067"
"HECW1","HECW1","turquoise","23072"
"HECW2","HECW2","turquoise","57520"
"HELB","HELB","green","92797"
"HELZ2","HELZ2","blue","85441"
"HEPACAM","HEPACAM","yellow","220296"
"HES1","HES1","blue","3280"
"HES5","HES5","grey","388585"
"HES7","HES7","brown","84667"
"HESX1","HESX1","grey","8820"
"HEY2","HEY2","brown","23493"
"HEYL","HEYL","blue","26508"
"HFE","HFE","green","3077"
"HFM1","HFM1","turquoise","164045"
"HGD","HGD","grey","3081"
"HGF","HGF","blue","3082"
"HGFAC","HGFAC","brown","3083"
"HHATL","HHATL","yellow","57467"
"HHEX","HHEX","blue","3087"
"HHIP","HHIP","yellow","64399"
"HIATL2","HIATL2","turquoise",NA
"HIC1","HIC1","blue","3090"
"HIF3A","HIF3A","brown","64344"
"HIGD1B","HIGD1B","brown","51751"
"HILPDA","HILPDA","blue","29923"
"HIP1","HIP1","yellow","3092"
"HIP1R","HIP1R","yellow","9026"
"HIPK2","HIPK2","yellow","28996"
"HIPK4","HIPK4","turquoise","147746"
"HIST1H1C","HIST1H1C","brown",NA
"HIST1H2AC","HIST1H2AC","brown",NA
"HIST1H2AE","HIST1H2AE","brown",NA
"HIST1H2BC","HIST1H2BC","yellow",NA
"HIST1H2BD","HIST1H2BD","green",NA
"HIST1H2BG","HIST1H2BG","blue",NA
"HIST1H2BJ","HIST1H2BJ","green",NA
"HIST1H4E","HIST1H4E","brown",NA
"HIST2H2AA3","HIST2H2AA3","green",NA
"HIST2H2BE","HIST2H2BE","brown",NA
"HIST2H2BF","HIST2H2BF","green",NA
"HK2","HK2","green","3099"
"HK3","HK3","blue","3101"
"HKDC1","HKDC1","grey","80201"
"HLA-B","HLA-B","blue","3106"
"HLA-DMA","HLA-DMA","green","3108"
"HLA-DMB","HLA-DMB","green","3109"
"HLA-DOA","HLA-DOA","green","3111"
"HLA-DOB","HLA-DOB","yellow","3112"
"HLA-DPA1","HLA-DPA1","green","3113"
"HLA-DPB1","HLA-DPB1","green","3115"
"HLA-DQA1","HLA-DQA1","green","3117"
"HLA-DQA2","HLA-DQA2","grey","3118"
"HLA-DQB1","HLA-DQB1","blue","3119"
"HLA-DQB2","HLA-DQB2","grey","3120"
"HLA-DRA","HLA-DRA","green","3122"
"HLA-DRB1","HLA-DRB1","green","3123"
"HLA-DRB5","HLA-DRB5","green","3127"
"HLA-E","HLA-E","blue","3133"
"HLF","HLF","turquoise","3131"
"HLX","HLX","brown","3142"
"HMCN1","HMCN1","grey","83872"
"HMCN2","HMCN2","red","256158"
"HMG20B","HMG20B","brown","10362"
"HMGCLL1","HMGCLL1","turquoise","54511"
"HMGCS1","HMGCS1","turquoise","3157"
"HMOX1","HMOX1","green","3162"
"HMSD","HMSD","yellow","284293"
"HMX1","HMX1","yellow","3166"
"HN1L","HN1L","yellow",NA
"HNF4A","HNF4A","turquoise","3172"
"HNF4G","HNF4G","blue","3174"
"HOMER1","HOMER1","turquoise","9456"
"HOMER3","HOMER3","brown","9454"
"HOOK1","HOOK1","turquoise","51361"
"HOPX","HOPX","turquoise","84525"
"HOXD1","HOXD1","yellow","3231"
"HP","HP","brown","3240"
"HPCA","HPCA","turquoise","3208"
"HPCAL4","HPCAL4","turquoise","51440"
"HPDL","HPDL","grey","84842"
"HPGD","HPGD","grey","3248"
"HPGDS","HPGDS","green","27306"
"HPN","HPN","yellow","3249"
"HPR","HPR","brown","3250"
"HPRT1","HPRT1","turquoise","3251"
"HPSE","HPSE","green","10855"
"HPSE2","HPSE2","red","60495"
"HRCT1","HRCT1","blue","646962"
"HRH1","HRH1","grey","3269"
"HRH2","HRH2","red","3274"
"HRH3","HRH3","black","11255"
"HRK","HRK","turquoise","8739"
"HS3ST2","HS3ST2","turquoise","9956"
"HS3ST3A1","HS3ST3A1","red","9955"
"HS3ST3B1","HS3ST3B1","blue","9953"
"HS3ST4","HS3ST4","grey","9951"
"HS6ST2","HS6ST2","turquoise","90161"
"HS6ST3","HS6ST3","red","266722"
"HSD11B1","HSD11B1","yellow","3290"
"HSD11B2","HSD11B2","brown","3291"
"HSD17B1","HSD17B1","brown","3292"
"HSD17B3","HSD17B3","yellow","3293"
"HSD17B7","HSD17B7","brown","51478"
"HSD17B8","HSD17B8","grey","7923"
"HSD3B7","HSD3B7","brown","80270"
"HSF2BP","HSF2BP","turquoise","11077"
"HSPA1A","HSPA1A","brown","3303"
"HSPA1B","HSPA1B","brown","3304"
"HSPA2","HSPA2","yellow","3306"
"HSPA4L","HSPA4L","turquoise","22824"
"HSPA6","HSPA6","blue","3310"
"HSPB1","HSPB1","brown","3315"
"HSPB3","HSPB3","turquoise","8988"
"HSPB6","HSPB6","brown","126393"
"HSPB7","HSPB7","blue","27129"
"HSPG2","HSPG2","green","3339"
"HSPH1","HSPH1","turquoise","10808"
"HTR1A","HTR1A","red","3350"
"HTR1B","HTR1B","red","3351"
"HTR1D","HTR1D","brown","3352"
"HTR1E","HTR1E","black","3354"
"HTR1F","HTR1F","grey","3355"
"HTR2A","HTR2A","turquoise","3356"
"HTR2C","HTR2C","turquoise","3358"
"HTR3A","HTR3A","grey","3359"
"HTR3B","HTR3B","red","9177"
"HTR4","HTR4","turquoise","3360"
"HTR5A","HTR5A","turquoise","3361"
"HTR6","HTR6","turquoise","3362"
"HTR7","HTR7","turquoise","3363"
"HTRA3","HTRA3","blue","94031"
"HUNK","HUNK","turquoise","30811"
"HVCN1","HVCN1","brown","84329"
"HYAL1","HYAL1","blue","3373"
"HYAL2","HYAL2","blue","8692"
"ICA1","ICA1","turquoise","3382"
"ICAM1","ICAM1","blue","3383"
"ICAM2","ICAM2","blue","3384"
"ICAM5","ICAM5","black","7087"
"ICOSLG","ICOSLG","yellow","23308"
"ID1","ID1","blue","3397"
"ID3","ID3","blue","3399"
"ID4","ID4","blue","3400"
"IER3","IER3","blue","8870"
"IFI16","IFI16","blue","3428"
"IFI35","IFI35","blue","3430"
"IFI44","IFI44","grey","10561"
"IFI44L","IFI44L","grey","10964"
"IFITM1","IFITM1","blue","8519"
"IFITM2","IFITM2","blue","10581"
"IFITM3","IFITM3","blue","10410"
"IGDCC4","IGDCC4","green","57722"
"IGF1","IGF1","turquoise","3479"
"IGF2","IGF2","blue","3481"
"IGF2BP2","IGF2BP2","blue","10644"
"IGFALS","IGFALS","brown","3483"
"IGFBP1","IGFBP1","grey","3484"
"IGFBP2","IGFBP2","turquoise","3485"
"IGFBP3","IGFBP3","blue","3486"
"IGFBP4","IGFBP4","blue","3487"
"IGFBP5","IGFBP5","grey","3488"
"IGFBP6","IGFBP6","black","3489"
"IGFBP7","IGFBP7","blue","3490"
"IGFBPL1","IGFBPL1","red","347252"
"IGFN1","IGFN1","grey","91156"
"IGLON5","IGLON5","black","402665"
"IGSF10","IGSF10","turquoise","285313"
"IGSF3","IGSF3","turquoise","3321"
"IGSF5","IGSF5","grey","150084"
"IGSF6","IGSF6","green","10261"
"IGSF9","IGSF9","yellow","57549"
"IGSF9B","IGSF9B","red","22997"
"IKBKE","IKBKE","green","9641"
"IKZF1","IKZF1","green","10320"
"IKZF2","IKZF2","yellow","22807"
"IL10RA","IL10RA","green","3587"
"IL12RB2","IL12RB2","turquoise","3595"
"IL13RA1","IL13RA1","green","3597"
"IL13RA2","IL13RA2","turquoise","3598"
"IL15","IL15","blue","3600"
"IL15RA","IL15RA","blue","3601"
"IL16","IL16","green","3603"
"IL17RB","IL17RB","brown","55540"
"IL18","IL18","green","3606"
"IL18BP","IL18BP","green","10068"
"IL18R1","IL18R1","blue","8809"
"IL1B","IL1B","green","3553"
"IL1R1","IL1R1","blue","3554"
"IL1RAPL1","IL1RAPL1","yellow","11141"
"IL1RAPL2","IL1RAPL2","turquoise","26280"
"IL1RL1","IL1RL1","blue","9173"
"IL1RL2","IL1RL2","turquoise","8808"
"IL20RA","IL20RA","blue","53832"
"IL20RB","IL20RB","brown","53833"
"IL21R","IL21R","green","50615"
"IL2RG","IL2RG","blue","3561"
"IL32","IL32","blue","9235"
"IL33","IL33","blue","90865"
"IL34","IL34","black","146433"
"IL4I1","IL4I1","green","259307"
"IL4R","IL4R","blue","3566"
"IL6","IL6","blue","3569"
"IL6R","IL6R","blue","3570"
"IL7","IL7","turquoise","3574"
"IL7R","IL7R","grey","3575"
"IL8","IL8","blue",NA
"ILDR2","ILDR2","red","387597"
"IMPA2","IMPA2","blue","3613"
"INA","INA","turquoise","9118"
"INE1","INE1","brown","8552"
"INHA","INHA","grey","3623"
"INHBA","INHBA","grey","3624"
"INHBB","INHBB","blue","3625"
"INHBE","INHBE","blue","83729"
"INMT","INMT","blue","11185"
"INPP4A","INPP4A","turquoise","3631"
"INPP5D","INPP5D","green","3635"
"INPP5F","INPP5F","turquoise","22876"
"INPP5J","INPP5J","black","27124"
"INPPL1","INPPL1","brown","3636"
"INSL3","INSL3","brown","3640"
"INSM2","INSM2","turquoise","84684"
"INTU","INTU","grey","27152"
"IP6K3","IP6K3","yellow","117283"
"IPCEF1","IPCEF1","turquoise","26034"
"IQCF3","IQCF3","turquoise","401067"
"IQCJ-SCHIP1","IQCJ-SCHIP1","red","100505385"
"IQGAP1","IQGAP1","brown","8826"
"IQGAP2","IQGAP2","grey","10788"
"IQGAP3","IQGAP3","red","128239"
"IQSEC2","IQSEC2","black","23096"
"IQSEC3","IQSEC3","black","440073"
"IQUB","IQUB","grey","154865"
"IRAK3","IRAK3","blue","11213"
"IRF1","IRF1","blue","3659"
"IRF5","IRF5","green","3663"
"IRF6","IRF6","blue","3664"
"IRF7","IRF7","blue","3665"
"IRF8","IRF8","green","3394"
"IRS4","IRS4","red","8471"
"ISG20","ISG20","brown","3669"
"ISLR","ISLR","black","3671"
"ISLR2","ISLR2","black","57611"
"ISM1","ISM1","turquoise","140862"
"ISM2","ISM2","grey","145501"
"ISPD","ISPD","turquoise",NA
"ISYNA1","ISYNA1","blue","51477"
"ITFG1","ITFG1","turquoise","81533"
"ITGA1","ITGA1","blue","3672"
"ITGA10","ITGA10","blue","8515"
"ITGA2","ITGA2","yellow","3673"
"ITGA4","ITGA4","turquoise","3676"
"ITGA5","ITGA5","blue","3678"
"ITGA8","ITGA8","blue","8516"
"ITGAL","ITGAL","green","3683"
"ITGAM","ITGAM","green","3684"
"ITGAX","ITGAX","brown","3687"
"ITGB1BP2","ITGB1BP2","brown","26548"
"ITGB2","ITGB2","green","3689"
"ITGB4","ITGB4","green","3691"
"ITGB8","ITGB8","grey","3696"
"ITGBL1","ITGBL1","turquoise","9358"
"ITIH2","ITIH2","blue","3698"
"ITIH3","ITIH3","blue","3699"
"ITIH5","ITIH5","blue","80760"
"ITPKA","ITPKA","turquoise","3706"
"ITPKB","ITPKB","brown","3707"
"ITPR1","ITPR1","turquoise","3708"
"ITPR2","ITPR2","blue","3709"
"ITPRIP","ITPRIP","blue","85450"
"ITPRIPL1","ITPRIPL1","green","150771"
"ITPRIPL2","ITPRIPL2","blue","162073"
"IZUMO1","IZUMO1","brown","284359"
"IZUMO4","IZUMO4","brown","113177"
"JAG1","JAG1","blue","182"
"JAKMIP1","JAKMIP1","turquoise","152789"
"JAM3","JAM3","yellow","83700"
"JMJD7-PLA2G4B","JMJD7-PLA2G4B","brown","8681"
"JPH1","JPH1","turquoise","56704"
"JPH2","JPH2","blue","57158"
"JPH3","JPH3","black","57338"
"JPH4","JPH4","black","84502"
"JUNB","JUNB","blue","3726"
"JUP","JUP","brown","3728"
"KALRN","KALRN","turquoise","8997"
"KANK2","KANK2","blue","25959"
"KANK3","KANK3","blue","256949"
"KANK4","KANK4","yellow","163782"
"KB-1980E6","KB-1980E6.3","turquoise",NA
"KCNA1","KCNA1","turquoise","3736"
"KCNA2","KCNA2","turquoise","3737"
"KCNA3","KCNA3","turquoise","3738"
"KCNA4","KCNA4","turquoise","3739"
"KCNA6","KCNA6","turquoise","3742"
"KCNAB1","KCNAB1","turquoise","7881"
"KCNAB2","KCNAB2","black","8514"
"KCNAB3","KCNAB3","turquoise","9196"
"KCNB1","KCNB1","turquoise","3745"
"KCNB2","KCNB2","turquoise","9312"
"KCNC1","KCNC1","turquoise","3746"
"KCNC2","KCNC2","turquoise","3747"
"KCNC3","KCNC3","black","3748"
"KCNC4","KCNC4","black","3749"
"KCND2","KCND2","turquoise","3751"
"KCNE1L","KCNE1L","yellow",NA
"KCNE3","KCNE3","blue","10008"
"KCNE4","KCNE4","blue","23704"
"KCNF1","KCNF1","turquoise","3754"
"KCNG1","KCNG1","turquoise","3755"
"KCNG2","KCNG2","red","26251"
"KCNG3","KCNG3","turquoise","170850"
"KCNH1","KCNH1","red","3756"
"KCNH3","KCNH3","black","23416"
"KCNH4","KCNH4","turquoise","23415"
"KCNH5","KCNH5","turquoise","27133"
"KCNH6","KCNH6","black","81033"
"KCNH7","KCNH7","turquoise","90134"
"KCNH8","KCNH8","yellow","131096"
"KCNIP2","KCNIP2","brown","30819"
"KCNIP4","KCNIP4","turquoise","80333"
"KCNJ1","KCNJ1","grey","3758"
"KCNJ12","KCNJ12","turquoise","3768"
"KCNJ13","KCNJ13","blue","3769"
"KCNJ16","KCNJ16","blue","3773"
"KCNJ2","KCNJ2","yellow","3759"
"KCNJ3","KCNJ3","turquoise","3760"
"KCNJ4","KCNJ4","black","3761"
"KCNJ5","KCNJ5","green","3762"
"KCNJ6","KCNJ6","turquoise","3763"
"KCNK12","KCNK12","brown","56660"
"KCNK15","KCNK15","grey","60598"
"KCNK2","KCNK2","turquoise","3776"
"KCNK3","KCNK3","turquoise","3777"
"KCNK4","KCNK4","black","50801"
"KCNK7","KCNK7","brown","10089"
"KCNK9","KCNK9","black","51305"
"KCNMA1","KCNMA1","turquoise","3778"
"KCNMB1","KCNMB1","blue","3779"
"KCNN3","KCNN3","brown","3782"
"KCNN4","KCNN4","blue","3783"
"KCNQ1","KCNQ1","green","3784"
"KCNQ2","KCNQ2","red","3785"
"KCNQ3","KCNQ3","turquoise","3786"
"KCNQ4","KCNQ4","black","9132"
"KCNQ5","KCNQ5","turquoise","56479"
"KCNS1","KCNS1","turquoise","3787"
"KCNS2","KCNS2","turquoise","3788"
"KCNT1","KCNT1","black","57582"
"KCNT2","KCNT2","turquoise","343450"
"KCNV1","KCNV1","turquoise","27012"
"KCTD11","KCTD11","brown","147040"
"KCTD16","KCTD16","turquoise","57528"
"KCTD19","KCTD19","red","146212"
"KCTD4","KCTD4","yellow","386618"
"KDR","KDR","blue","3791"
"KEL","KEL","yellow","3792"
"KHDRBS2","KHDRBS2","turquoise","202559"
"KIAA0087","KIAA0087","turquoise","9808"
"KIAA0101","KIAA0101","brown",NA
"KIAA0319","KIAA0319","turquoise","9856"
"KIAA0408","KIAA0408","turquoise","9729"
"KIAA0513","KIAA0513","turquoise","9764"
"KIAA0754","KIAA0754","red",NA
"KIAA0825","KIAA0825","turquoise","285600"
"KIAA1045","KIAA1045","turquoise",NA
"KIAA1199","KIAA1199","turquoise",NA
"KIAA1211","KIAA1211","red",NA
"KIAA1211L","KIAA1211L","black",NA
"KIAA1217","KIAA1217","turquoise","56243"
"KIAA1239","KIAA1239","turquoise",NA
"KIAA1456","KIAA1456","turquoise",NA
"KIAA1522","KIAA1522","brown",NA
"KIAA1524","KIAA1524","turquoise",NA
"KIAA1549L","KIAA1549L","turquoise","25758"
"KIAA1598","KIAA1598","yellow",NA
"KIAA1644","KIAA1644","turquoise",NA
"KIAA1683","KIAA1683","yellow",NA
"KIAA1755","KIAA1755","yellow","85449"
"KIAA1875","KIAA1875","grey",NA
"KIAA2022","KIAA2022","turquoise",NA
"KIF12","KIF12","turquoise","113220"
"KIF13B","KIF13B","yellow","23303"
"KIF17","KIF17","black","57576"
"KIF18B","KIF18B","brown","146909"
"KIF19","KIF19","yellow","124602"
"KIF1C","KIF1C","yellow","10749"
"KIF25","KIF25","brown","3834"
"KIF3C","KIF3C","turquoise","3797"
"KIF5A","KIF5A","blue","3798"
"KIF6","KIF6","yellow","221458"
"KIFC1","KIFC1","green","3833"
"KIRREL","KIRREL","blue",NA
"KISS1R","KISS1R","grey","84634"
"KIT","KIT","turquoise","3815"
"KITLG","KITLG","turquoise","4254"
"KL","KL","grey","9365"
"KLB","KLB","grey","152831"
"KLC3","KLC3","brown","147700"
"KLF10","KLF10","turquoise","7071"
"KLF15","KLF15","brown","28999"
"KLF2","KLF2","blue","10365"
"KLF4","KLF4","blue","9314"
"KLF5","KLF5","grey","688"
"KLF8","KLF8","red","11279"
"KLHDC10","KLHDC10","red","23008"
"KLHDC8A","KLHDC8A","black","55220"
"KLHL1","KLHL1","grey","57626"
"KLHL10","KLHL10","turquoise","317719"
"KLHL11","KLHL11","red","55175"
"KLHL14","KLHL14","turquoise","57565"
"KLHL28","KLHL28","red","54813"
"KLHL29","KLHL29","turquoise","114818"
"KLHL32","KLHL32","yellow","114792"
"KLHL34","KLHL34","red","257240"
"KLHL38","KLHL38","grey","340359"
"KLHL6","KLHL6","green","89857"
"KLK10","KLK10","black","5655"
"KLK14","KLK14","brown","43847"
"KLK5","KLK5","turquoise","25818"
"KLK6","KLK6","yellow","5653"
"KLK7","KLK7","turquoise","5650"
"KLKB1","KLKB1","brown","3818"
"KLRC2","KLRC2","grey","3822"
"KLRC3","KLRC3","yellow","3823"
"KLRD1","KLRD1","blue","3824"
"KLRK1","KLRK1.1","grey","22914"
"KMO","KMO","turquoise","8564"
"KNCN","KNCN","turquoise","148930"
"KNDC1","KNDC1","black","85442"
"KNG1","KNG1","turquoise","3827"
"KRBA2","KRBA2","grey",NA
"KREMEN2","KREMEN2","turquoise","79412"
"KRT18","KRT18","blue","3875"
"KRT19","KRT19","blue","3880"
"KRT222","KRT222","turquoise","125113"
"KRT31","KRT31","grey","3881"
"KRT5","KRT5","turquoise","3852"
"KRT81","KRT81","black","3887"
"KRT83","KRT83","turquoise","3889"
"KRT86","KRT86","turquoise","3892"
"KRTAP5-1","KRTAP5-1","brown","387264"
"KRTAP5-7","KRTAP5-7","grey","440050"
"KRTAP5-8","KRTAP5-8","brown","57830"
"KRTAP5-9","KRTAP5-9","brown","3846"
"KSR2","KSR2","black","283455"
"KYNU","KYNU","blue","8942"
"L1CAM","L1CAM","black","3897"
"LACC1","LACC1","yellow","144811"
"LAG3","LAG3","blue","3902"
"LAIR1","LAIR1","green","3903"
"LAMA1","LAMA1","brown","284217"
"LAMA5","LAMA5","blue","3911"
"LAMB1","LAMB1","turquoise","3912"
"LAMB2","LAMB2","blue","3913"
"LAMC2","LAMC2","grey","3918"
"LAMP2","LAMP2","yellow","3920"
"LAMP5","LAMP5","turquoise","24141"
"LANCL3","LANCL3","turquoise","347404"
"LAPTM5","LAPTM5","green","7805"
"LARGE","LARGE","turquoise",NA
"LAT","LAT","brown","27040"
"LAT2","LAT2","green","7462"
"LATS2","LATS2","blue","26524"
"LAYN","LAYN","yellow","143903"
"LBH","LBH","turquoise","81606"
"LCA5L","LCA5L","grey","150082"
"LCAT","LCAT","brown","3931"
"LCN10","LCN10","blue","414332"
"LCN12","LCN12","brown","286256"
"LCN15","LCN15","grey","389812"
"LCN6","LCN6","blue","158062"
"LCN8","LCN8","grey","138307"
"LCNL1","LCNL1","brown","401562"
"LCP1","LCP1","green","3936"
"LDB2","LDB2","turquoise","9079"
"LDB3","LDB3","yellow","11155"
"LDHAL6A","LDHAL6A","turquoise","160287"
"LDLR","LDLR","brown","3949"
"LDLRAP1","LDLRAP1","yellow","26119"
"LEAP2","LEAP2","brown","116842"
"LECT1","LECT1","yellow",NA
"LEF1","LEF1","blue","51176"
"LEKR1","LEKR1","turquoise","389170"
"LEPR","LEPR","blue","3953"
"LFNG","LFNG","blue","3955"
"LGALS3","LGALS3","blue","3958"
"LGALS3BP","LGALS3BP","yellow","3959"
"LGALS4","LGALS4","brown","3960"
"LGALS9","LGALS9","green","3965"
"LGI2","LGI2","turquoise","55203"
"LGR5","LGR5","yellow","8549"
"LGR6","LGR6","blue","59352"
"LHFPL1","LHFPL1","blue","340596"
"LHFPL4","LHFPL4","red","375323"
"LHFPL5","LHFPL5","turquoise","222662"
"LHPP","LHPP","yellow","64077"
"LHX2","LHX2","brown","9355"
"LHX6","LHX6","turquoise","26468"
"LILRA1","LILRA1","green","11024"
"LILRA2","LILRA2","green","11027"
"LILRA4","LILRA4","brown","23547"
"LILRA6","LILRA6","green","79168"
"LILRB1","LILRB1","green","10859"
"LILRB2","LILRB2","green","10288"
"LILRB3","LILRB3","green","11025"
"LILRB4","LILRB4","green","11006"
"LILRB5","LILRB5","blue","10990"
"LIME1","LIME1","brown","54923"
"LIMK1","LIMK1","black","3984"
"LIMK2","LIMK2","green","3985"
"LIN28B","LIN28B","turquoise","389421"
"LIN7A","LIN7A","turquoise","8825"
"LINGO1","LINGO1","black","84894"
"LINGO2","LINGO2","turquoise","158038"
"LIPC","LIPC","turquoise","3990"
"LIPE","LIPE","yellow","3991"
"LIPG","LIPG","green","9388"
"LITAF","LITAF","yellow","9516"
"LIX1","LIX1","blue","167410"
"LLGL1","LLGL1","yellow","3996"
"LLGL2","LLGL2","yellow","3993"
"LMNA","LMNA","brown","4000"
"LMO1","LMO1","grey","4004"
"LMO3","LMO3","turquoise","55885"
"LMO7","LMO7","turquoise","4008"
"LMOD1","LMOD1","blue","25802"
"LNX1","LNX1","turquoise","84708"
"LONRF2","LONRF2","turquoise","164832"
"LOR","LOR","turquoise",NA
"LOX","LOX","grey","4015"
"LOXHD1","LOXHD1","turquoise","125336"
"LOXL1","LOXL1","blue","4016"
"LOXL2","LOXL2","brown","4017"
"LOXL4","LOXL4","blue","84171"
"LPA","LPA","turquoise","4018"
"LPAR1","LPAR1","yellow","1902"
"LPAR3","LPAR3","blue","23566"
"LPAR4","LPAR4","green","2846"
"LPAR5","LPAR5","green","57121"
"LPAR6","LPAR6","green","10161"
"LPCAT2","LPCAT2","green","54947"
"LPHN2","LPHN2","turquoise",NA
"LPIN3","LPIN3","brown","64900"
"LPL","LPL","blue","4023"
"LPO","LPO","turquoise","4025"
"LPP","LPP","blue","4026"
"LPPR1","LPPR1","yellow",NA
"LPPR3","LPPR3","black",NA
"LPPR4","LPPR4","turquoise",NA
"LPPR5","LPPR5","turquoise",NA
"LRAT","LRAT","brown","9227"
"LRFN2","LRFN2","turquoise","57497"
"LRFN5","LRFN5","turquoise","145581"
"LRG1","LRG1","blue","116844"
"LRIG1","LRIG1","blue","26018"
"LRIG3","LRIG3","yellow","121227"
"LRIT2","LRIT2","grey","340745"
"LRP10","LRP10","green","26020"
"LRP2","LRP2","yellow","4036"
"LRP4","LRP4","brown","4038"
"LRP5","LRP5","brown","4041"
"LRP5L","LRP5L","brown","91355"
"LRRC1","LRRC1","yellow","55227"
"LRRC10B","LRRC10B","grey","390205"
"LRRC2","LRRC2","turquoise","79442"
"LRRC25","LRRC25","green","126364"
"LRRC3","LRRC3","blue","81543"
"LRRC32","LRRC32","blue","2615"
"LRRC33","LRRC33","green",NA
"LRRC36","LRRC36","grey","55282"
"LRRC37A","LRRC37A","grey","9884"
"LRRC37A2","LRRC37A2","grey","474170"
"LRRC38","LRRC38","turquoise","126755"
"LRRC3DN","LRRC3DN","brown",NA
"LRRC4","LRRC4","turquoise","64101"
"LRRC46","LRRC46","brown","90506"
"LRRC53","LRRC53","turquoise","105378803"
"LRRC55","LRRC55","turquoise","219527"
"LRRC63","LRRC63","yellow","220416"
"LRRC69","LRRC69","brown","100130742"
"LRRC71","LRRC71","brown","149499"
"LRRC73","LRRC73","turquoise","221424"
"LRRC9","LRRC9","turquoise","341883"
"LRRIQ1","LRRIQ1","blue","84125"
"LRRIQ3","LRRIQ3","grey","127255"
"LRRN3","LRRN3","turquoise","54674"
"LRRN4CL","LRRN4CL","grey","221091"
"LRRTM1","LRRTM1","turquoise","347730"
"LRRTM2","LRRTM2","red","26045"
"LRRTM3","LRRTM3","turquoise","347731"
"LRRTM4","LRRTM4","turquoise","80059"
"LRTM2","LRTM2","turquoise","654429"
"LSM11","LSM11","turquoise","134353"
"LSMEM1","LSMEM1","brown","286006"
"LSMEM2","LSMEM2","yellow","132228"
"LSP1","LSP1","green","4046"
"LSS","LSS","yellow","4047"
"LST1","LST1","green","7940"
"LTA","LTA","brown","4049"
"LTB4R2","LTB4R2","red","56413"
"LTBP1","LTBP1","blue","4052"
"LTBP2","LTBP2","blue","4053"
"LTBR","LTBR","blue","4055"
"LTF","LTF","blue","4057"
"LTK","LTK","black","4058"
"LUM","LUM","blue","4060"
"LURAP1","LURAP1","yellow","541468"
"LUZP1","LUZP1","turquoise","7798"
"LXN","LXN","grey","56925"
"LY6D","LY6D","turquoise","8581"
"LY6H","LY6H","grey","4062"
"LY86","LY86","green","9450"
"LY96","LY96","blue","23643"
"LYG1","LYG1","brown","129530"
"LYL1","LYL1","green","4066"
"LYN","LYN","blue","4067"
"LYPD1","LYPD1","brown","116372"
"LYPD3","LYPD3","yellow","27076"
"LYPD6B","LYPD6B","turquoise","130576"
"LYRM9","LYRM9","turquoise","201229"
"LYSMD2","LYSMD2","turquoise","256586"
"LYVE1","LYVE1","blue","10894"
"LYZ","LYZ","green","4069"
"LYZL4","LYZL4","turquoise","131375"
"LZTFL1","LZTFL1","turquoise","54585"
"LZTS1","LZTS1","black","11178"
"MACROD2","MACROD2","turquoise","140733"
"MAD2L1","MAD2L1","turquoise","4085"
"MAEL","MAEL","turquoise","84944"
"MAFF","MAFF","blue","23764"
"MAG","MAG","yellow","4099"
"MAGEC3","MAGEC3","yellow","139081"
"MAGEE1","MAGEE1","turquoise","57692"
"MAGEE2","MAGEE2","turquoise","139599"
"MAGEL2","MAGEL2","red","54551"
"MAL","MAL","yellow","4118"
"MAMDC2","MAMDC2","grey","256691"
"MAN1A1","MAN1A1","turquoise","4121"
"MAN2A1","MAN2A1","yellow","4124"
"MAN2B1","MAN2B1","brown","4125"
"MAP10","MAP10","turquoise","54627"
"MAP1LC3B2","MAP1LC3B2","grey","643246"
"MAP2","MAP2","turquoise","4133"
"MAP3K11","MAP3K11","yellow","4296"
"MAP3K15","MAP3K15","grey","389840"
"MAP3K19","MAP3K19","grey","80122"
"MAP3K6","MAP3K6","blue","9064"
"MAP3K7CL","MAP3K7CL","grey","56911"
"MAP3K8","MAP3K8","blue","1326"
"MAP3K9","MAP3K9","turquoise","4293"
"MAP4K1","MAP4K1","brown","11184"
"MAP4K4","MAP4K4","yellow","9448"
"MAP6D1","MAP6D1","yellow","79929"
"MAP7D2","MAP7D2","turquoise","256714"
"MAP7D3","MAP7D3","blue","79649"
"MAP9","MAP9","turquoise","79884"
"MAPK11","MAPK11","brown","5600"
"MAPK13","MAPK13","black","5603"
"MAPK15","MAPK15","brown","225689"
"MAPKAPK2","MAPKAPK2","brown","9261"
"MARCH10","MARCH10","turquoise",NA
"MARCH11","MARCH11","turquoise",NA
"MARCH3","MARCH3","brown",NA
"MARCH4","MARCH4","turquoise",NA
"MARCH6","MARCH6","red",NA
"MARCKSL1","MARCKSL1","yellow","65108"
"MARCO","MARCO","blue","8685"
"MARK1","MARK1","turquoise","4139"
"MARVELD3","MARVELD3","brown","91862"
"MASP1","MASP1","green","5648"
"MAST1","MAST1","black","22983"
"MATK","MATK","black","4145"
"MATN3","MATN3","blue","4148"
"MATN4","MATN4","blue","8785"
"MAVS","MAVS","green","57506"
"MB21D1","MB21D1","blue",NA
"MBNL3","MBNL3","yellow","55796"
"MBOAT1","MBOAT1","yellow","154141"
"MBP","MBP","yellow","4155"
"MC4R","MC4R","grey","4160"
"MCAM","MCAM","yellow","4162"
"MCF2","MCF2","turquoise","4168"
"MCF2L2","MCF2L2","blue","23101"
"MCHR1","MCHR1","turquoise","2847"
"MCHR2","MCHR2","turquoise","84539"
"MCM5","MCM5","brown","4174"
"MCM7","MCM7","yellow","4176"
"MCOLN2","MCOLN2","grey","255231"
"MCOLN3","MCOLN3","grey","55283"
"MCTP1","MCTP1","turquoise","79772"
"MCTP2","MCTP2","grey","55784"
"MDFI","MDFI","blue","4188"
"MDH1","MDH1","turquoise","4190"
"MDH1B","MDH1B","turquoise","130752"
"MECOM","MECOM","blue","2122"
"MED12L","MED12L","red","116931"
"MEDAG","MEDAG","blue","84935"
"MEF2B","MEF2B","brown","100271849"
"MEF2BNB-MEF2B","MEF2BNB-MEF2B","brown",NA
"MEF2C","MEF2C","turquoise","4208"
"MEFV","MEFV","grey","4210"
"MEGF10","MEGF10","yellow","84466"
"MEIS1","MEIS1","yellow","4211"
"MEIS3","MEIS3","turquoise","56917"
"MEOX2","MEOX2","blue","4223"
"MEPE","MEPE","turquoise","56955"
"MERTK","MERTK","blue","10461"
"MET","MET","turquoise","4233"
"METRNL","METRNL","blue","284207"
"METTL21C","METTL21C","turquoise","196541"
"METTL24","METTL24","red","728464"
"METTL7A","METTL7A","brown",NA
"METTL7B","METTL7B","brown",NA
"MEX3A","MEX3A","brown","92312"
"MFAP4","MFAP4","blue","4239"
"MFAP5","MFAP5","brown","8076"
"MFNG","MFNG","blue","4242"
"MFSD4","MFSD4","turquoise",NA
"MGAM","MGAM","blue","8972"
"MGAT2","MGAT2","red","4247"
"MGAT4C","MGAT4C","grey","25834"
"MGAT5B","MGAT5B","black","146664"
"MGC10955","MGC10955","yellow",NA
"MGP","MGP","blue","4256"
"MGST1","MGST1","blue","4257"
"MICA","MICA","blue","100507436"
"MICAL2","MICAL2","black","9645"
"MICALL1","MICALL1","yellow","85377"
"MICB","MICB","blue","4277"
"MICU3","MICU3","turquoise","286097"
"MID1IP1","MID1IP1","yellow","58526"
"MILR1","MILR1","green","284021"
"MIP","MIP","grey","4284"
"MKL2","MKL2","red",NA
"MKNK2","MKNK2","brown","2872"
"MKRN3","MKRN3","yellow","7681"
"MKX","MKX","turquoise","283078"
"MLC1","MLC1","brown","23209"
"MLIP","MLIP","turquoise","90523"
"MLK4","MLK4","turquoise",NA
"MLKL","MLKL","blue","197259"
"MLLT11","MLLT11","turquoise","10962"
"MLPH","MLPH","blue","79083"
"MMD2","MMD2","grey","221938"
"MME","MME","turquoise","4311"
"MMEL1","MMEL1","blue","79258"
"MMP14","MMP14","blue","4323"
"MMP2","MMP2","blue","4313"
"MMP23B","MMP23B","brown","8510"
"MMRN1","MMRN1","blue","22915"
"MMRN2","MMRN2","blue","79812"
"MND1","MND1","yellow","84057"
"MNDA","MNDA","blue","4332"
"MOAP1","MOAP1","turquoise","64112"
"MOB3B","MOB3B","yellow","79817"
"MOBP","MOBP","yellow","4336"
"MOCOS","MOCOS","blue","55034"
"MOG","MOG","yellow","4340"
"MORN3","MORN3","turquoise","283385"
"MORN5","MORN5","brown","254956"
"MOSPD2","MOSPD2","yellow","158747"
"MPEG1","MPEG1","green","219972"
"MPL","MPL","grey","4352"
"MPO","MPO","turquoise","4353"
"MPP4","MPP4","turquoise","58538"
"MPP6","MPP6","red",NA
"MPP7","MPP7","turquoise","143098"
"MPPED1","MPPED1","turquoise","758"
"MPPED2","MPPED2","turquoise","744"
"MPST","MPST","yellow","4357"
"MPZL2","MPZL2","blue","10205"
"MRAP2","MRAP2","turquoise","112609"
"MRC1L1","MRC1L1","blue",NA
"MRC2","MRC2","yellow","9902"
"MRGPRF","MRGPRF","blue","116535"
"MRO","MRO","blue","83876"
"MROH1","MROH1","red","727957"
"MROH6","MROH6","brown","642475"
"MROH7","MROH7","grey","374977"
"MRPS6","MRPS6","blue","64968"
"MRVI1","MRVI1","blue",NA
"MS4A14","MS4A14","brown","84689"
"MS4A4A","MS4A4A","green","51338"
"MS4A6A","MS4A6A","green","64231"
"MS4A7","MS4A7","green","58475"
"MS4A8","MS4A8","turquoise","83661"
"MSC","MSC","turquoise","9242"
"MSH5","MSH5","green","4439"
"MSH5-SAPCD1","MSH5-SAPCD1","brown","100532732"
"MSLN","MSLN","green","10232"
"MSLNL","MSLNL","black","401827"
"MSN","MSN","green","4478"
"MSR1","MSR1","green","4481"
"MST1R","MST1R","brown","4486"
"MST4","MST4","turquoise",NA
"MSX1","MSX1","blue","4487"
"MSX2","MSX2","blue","4488"
"MT-ATP6","MT-ATP6","blue","4508"
"MT-ATP8","MT-ATP8","brown","4509"
"MT-CO1","MT-CO1","blue","4512"
"MT-CYB","MT-CYB","brown","4519"
"MT-ND1","MT-ND1","brown","4535"
"MT-ND2","MT-ND2","brown","4536"
"MT-ND3","MT-ND3","blue","4537"
"MT-ND4","MT-ND4","brown","4538"
"MT-ND4L","MT-ND4L","brown","4539"
"MT-ND5","MT-ND5","brown","4540"
"MT-ND6","MT-ND6","brown","4541"
"MT1A","MT1A","blue","4489"
"MT1E","MT1E","brown","4493"
"MT1F","MT1F","brown","4494"
"MT1G","MT1G","brown","4495"
"MT1H","MT1H","brown","4496"
"MT1M","MT1M","brown","4499"
"MT1X","MT1X","brown","4501"
"MT2A","MT2A","brown","4502"
"MT3","MT3","brown","4504"
"MTFR2","MTFR2","grey","113115"
"MTHFD2","MTHFD2","blue","10797"
"MTL5","MTL5","turquoise",NA
"MTMR7","MTMR7","turquoise","9108"
"MTMR8","MTMR8","grey","55613"
"MTPN","MTPN","red","136319"
"MTRNR2L12","MTRNR2L12","brown","100463498"
"MTRNR2L2","MTRNR2L2","brown","100462981"
"MTRNR2L8","MTRNR2L8","grey","100463486"
"MTRNR2L9","MTRNR2L9","brown","100463487"
"MTSS1L","MTSS1L","brown",NA
"MTUS1","MTUS1","yellow","57509"
"MTUS2","MTUS2","turquoise","23281"
"MTX3","MTX3","red","345778"
"MUC1","MUC1","blue","4582"
"MUC12","MUC12","brown","10071"
"MUC19","MUC19","grey","283463"
"MUC4","MUC4","brown","4585"
"MUC5B","MUC5B","black","727897"
"MUC6","MUC6","brown","4588"
"MUM1L1","MUM1L1","turquoise",NA
"MVB12B","MVB12B","yellow","89853"
"MVP","MVP","brown","9961"
"MX2","MX2","blue","4600"
"MXRA5","MXRA5","blue","25878"
"MYADML2","MYADML2","turquoise","255275"
"MYB","MYB","turquoise","4602"
"MYBPC2","MYBPC2","grey","4606"
"MYBPH","MYBPH","brown","4608"
"MYBPHL","MYBPHL","brown","343263"
"MYC","MYC","blue","4609"
"MYCT1","MYCT1","blue","80177"
"MYD88","MYD88","blue","4615"
"MYH10","MYH10","turquoise","4628"
"MYH11","MYH11","blue","4629"
"MYH3","MYH3","brown","4621"
"MYH7","MYH7","grey","4625"
"MYH7B","MYH7B","yellow","57644"
"MYL3","MYL3","brown","4634"
"MYL7","MYL7","brown","58498"
"MYL9","MYL9","blue","10398"
"MYLK2","MYLK2","turquoise","85366"
"MYLK3","MYLK3","red","91807"
"MYO15A","MYO15A","black","51168"
"MYO15B","MYO15B","brown","80022"
"MYO16","MYO16","turquoise","23026"
"MYO18A","MYO18A","brown","399687"
"MYO1B","MYO1B","turquoise","4430"
"MYO1D","MYO1D","yellow","4642"
"MYO1E","MYO1E","yellow","4643"
"MYO1F","MYO1F","green","4542"
"MYO1G","MYO1G","green","64005"
"MYO1H","MYO1H","turquoise","283446"
"MYO5B","MYO5B","turquoise","4645"
"MYO7B","MYO7B","grey","4648"
"MYO9B","MYO9B","yellow","4650"
"MYOCD","MYOCD","blue","93649"
"MYOF","MYOF","blue","26509"
"MYOT","MYOT","yellow","9499"
"MYOZ1","MYOZ1","brown","58529"
"MYOZ2","MYOZ2","turquoise","51778"
"MYOZ3","MYOZ3","turquoise","91977"
"MYRF","MYRF","yellow","745"
"MYRFL","MYRFL","grey","196446"
"MYT1L","MYT1L","turquoise","23040"
"MZT1","MZT1","turquoise","440145"
"N4BP3","N4BP3","black","23138"
"NAALADL1","NAALADL1","blue","10004"
"NAGS","NAGS","brown","162417"
"NAIP","NAIP","yellow","4671"
"NAMPTL","NAMPTL","grey",NA
"NANOS3","NANOS3","brown","342977"
"NAP1L2","NAP1L2","turquoise","4674"
"NAP1L5","NAP1L5","turquoise","266812"
"NAPB","NAPB","turquoise","63908"
"NAPSA","NAPSA","brown","9476"
"NAT16","NAT16","turquoise","375607"
"NBEA","NBEA","turquoise","26960"
"NBEAL1","NBEAL1","grey","65065"
"NBEAL2","NBEAL2","brown","23218"
"NBPF10","NBPF10","brown","100132406"
"NBPF14","NBPF14","brown","25832"
"NBPF16","NBPF16","grey",NA
"NCALD","NCALD","turquoise","83988"
"NCAPH","NCAPH","grey","23397"
"NCDN","NCDN","black","23154"
"NCEH1","NCEH1","turquoise","57552"
"NCF1","NCF1","green","653361"
"NCF2","NCF2","green","4688"
"NCF4","NCF4","green","4689"
"NCKAP1L","NCKAP1L","green","3071"
"NCKAP5","NCKAP5","yellow","344148"
"NCMAP","NCMAP","yellow","400746"
"NCR3LG1","NCR3LG1","red","374383"
"NCS1","NCS1","black","23413"
"NDE1","NDE1","yellow","54820"
"NDNF","NDNF","grey","79625"
"NDRG1","NDRG1","yellow","10397"
"NDRG4","NDRG4","turquoise","65009"
"NDST3","NDST3","turquoise","9348"
"NDUFA4L2","NDUFA4L2","blue",NA
"NECAB2","NECAB2","turquoise","54550"
"NEDD4","NEDD4","blue","4734"
"NEDD4L","NEDD4L","turquoise","23327"
"NEFH","NEFH","black","4744"
"NEFM","NEFM","turquoise","4741"
"NEGR1","NEGR1","turquoise","257194"
"NEK10","NEK10","turquoise","152110"
"NEK2","NEK2","turquoise","4751"
"NEK3","NEK3","yellow","4752"
"NEK5","NEK5","green","341676"
"NEK6","NEK6","blue","10783"
"NELL1","NELL1","turquoise","4745"
"NELL2","NELL2","turquoise","4753"
"NETO1","NETO1","turquoise","81832"
"NETO2","NETO2","turquoise","81831"
"NEU3","NEU3","red","10825"
"NEURL","NEURL","black",NA
"NEUROD1","NEUROD1","grey","4760"
"NEUROD2","NEUROD2","grey","4761"
"NEUROD6","NEUROD6","turquoise","63974"
"NEUROG2","NEUROG2","grey","63973"
"NEXN","NEXN","blue","91624"
"NFAM1","NFAM1","green","150372"
"NFAT5","NFAT5","red","10725"
"NFATC1","NFATC1","brown","4772"
"NFATC2","NFATC2","green","4773"
"NFATC3","NFATC3","brown","4775"
"NFATC4","NFATC4","blue","4776"
"NFKB2","NFKB2","blue","4791"
"NFKBIA","NFKBIA","blue","4792"
"NFKBIZ","NFKBIZ","blue","64332"
"NGB","NGB","black","58157"
"NGEF","NGEF","turquoise","25791"
"NGF","NGF","blue","4803"
"NGFR","NGFR","brown","4804"
"NHLH2","NHLH2","yellow","4808"
"NHLRC4","NHLRC4","grey","283948"
"NHS","NHS","blue","4810"
"NHSL1","NHSL1","brown","57224"
"NHSL2","NHSL2","red","340527"
"NID1","NID1","blue","4811"
"NINJ2","NINJ2","yellow","4815"
"NIPAL1","NIPAL1","turquoise","152519"
"NIPAL2","NIPAL2","turquoise","79815"
"NIPAL4","NIPAL4","yellow","348938"
"NKAIN3","NKAIN3","blue","286183"
"NKD2","NKD2","black","85409"
"NKG7","NKG7","grey","4818"
"NKX2-1","NKX2-1","grey","7080"
"NKX2-2","NKX2-2","yellow","4821"
"NKX6-1","NKX6-1","blue","4825"
"NKX6-2","NKX6-2","yellow","84504"
"NKX6-3","NKX6-3","turquoise","157848"
"NLRC5","NLRC5","green","84166"
"NLRP2","NLRP2","turquoise","55655"
"NLRP9","NLRP9","grey","338321"
"NMB","NMB","yellow","4828"
"NME5","NME5","turquoise","8382"
"NME8","NME8","yellow","51314"
"NMNAT2","NMNAT2","turquoise","23057"
"NMU","NMU","turquoise","10874"
"NMUR2","NMUR2","grey","56923"
"NNAT","NNAT","turquoise","4826"
"NNMT","NNMT","blue","4837"
"NOD2","NOD2","blue","64127"
"NOL4","NOL4","turquoise","8715"
"NOMO2","NOMO2","turquoise","283820"
"NOMO3","NOMO3","turquoise","408050"
"NOS1AP","NOS1AP","turquoise","9722"
"NOS2","NOS2","turquoise","4843"
"NOS3","NOS3","blue","4846"
"NOTCH1","NOTCH1","brown","4851"
"NOTCH2","NOTCH2","blue","4853"
"NOTCH3","NOTCH3","blue","4854"
"NOTUM","NOTUM","brown","147111"
"NOV","NOV","turquoise",NA
"NOX1","NOX1","grey","27035"
"NOX4","NOX4","yellow","50507"
"NOX5","NOX5","turquoise","79400"
"NPAS1","NPAS1","black","4861"
"NPAS4","NPAS4","turquoise","266743"
"NPBWR2","NPBWR2","red","2832"
"NPC1","NPC1","yellow","4864"
"NPC1L1","NPC1L1","brown","29881"
"NPC2","NPC2","brown","10577"
"NPFF","NPFF","brown","8620"
"NPFFR2","NPFFR2","grey","10886"
"NPHS1","NPHS1","turquoise","4868"
"NPIPL1","NPIPL1","brown",NA
"NPIPL2","NPIPL2","grey",NA
"NPM2","NPM2","turquoise","10361"
"NPNT","NPNT","blue","255743"
"NPPC","NPPC","turquoise","4880"
"NPR1","NPR1","blue","4881"
"NPTN","NPTN","turquoise","27020"
"NPTX1","NPTX1","turquoise","4884"
"NPTX2","NPTX2","turquoise","4885"
"NPTXR","NPTXR","black","23467"
"NPW","NPW","brown","283869"
"NPY","NPY","grey","4852"
"NPY1R","NPY1R","grey","4886"
"NPY2R","NPY2R","turquoise","4887"
"NPY5R","NPY5R","turquoise","4889"
"NQO1","NQO1","blue","1728"
"NR0B1","NR0B1","yellow","190"
"NR1D1","NR1D1","brown","9572"
"NR1I2","NR1I2","turquoise","8856"
"NR2E1","NR2E1","blue","7101"
"NR2F2","NR2F2","blue","7026"
"NR4A1","NR4A1","grey","3164"
"NR4A2","NR4A2","grey","4929"
"NR4A3","NR4A3","turquoise","8013"
"NRAP","NRAP","brown","4892"
"NRCAM","NRCAM","turquoise","4897"
"NREP","NREP","turquoise","9315"
"NRG1","NRG1","turquoise","3084"
"NRGN","NRGN","black","4900"
"NRIP2","NRIP2","brown","83714"
"NRIP3","NRIP3","turquoise","56675"
"NRM","NRM","brown","11270"
"NRN1","NRN1","turquoise","51299"
"NRSN1","NRSN1","turquoise","140767"
"NRXN1","NRXN1","turquoise","9378"
"NRXN3","NRXN3","turquoise","9369"
"NSF","NSF","turquoise","4905"
"NSG1","NSG1","turquoise","27065"
"NSG2","NSG2","turquoise","51617"
"NSUN7","NSUN7","green","79730"
"NT5C1A","NT5C1A","red","84618"
"NT5DC3","NT5DC3","black","51559"
"NTN3","NTN3","brown","4917"
"NTN4","NTN4","turquoise","59277"
"NTN5","NTN5","brown","126147"
"NTNG1","NTNG1","turquoise","22854"
"NTRK1","NTRK1","green","4914"
"NTSR1","NTSR1","turquoise","4923"
"NTSR2","NTSR2","brown","23620"
"NUAK2","NUAK2","brown","81788"
"NUDT10","NUDT10","turquoise","170685"
"NUDT11","NUDT11","turquoise","55190"
"NUDT18","NUDT18","turquoise","79873"
"NUDT4","NUDT4","turquoise","11163"
"NUF2","NUF2","grey","83540"
"NUP210L","NUP210L","brown","91181"
"NUPR1","NUPR1","brown","26471"
"NUPR1L","NUPR1L","turquoise",NA
"NUSAP1","NUSAP1","blue","51203"
"NUTM2A","NUTM2A","grey","728118"
"NUTM2B","NUTM2B","grey","729262"
"NUTM2D","NUTM2D","yellow","728130"
"NUTMG","NUTMG","brown",NA
"NWD1","NWD1","brown","284434"
"NXF5","NXF5","red","55998"
"NXN","NXN","blue","64359"
"NXNL2","NXNL2","grey","158046"
"NXPH1","NXPH1","turquoise","30010"
"NXPH2","NXPH2","turquoise","11249"
"NXPH4","NXPH4","grey","11247"
"NYAP1","NYAP1","black","222950"
"NYAP2","NYAP2","red","57624"
"OAS1","OAS1","brown","4938"
"OAS2","OAS2","blue","4939"
"OAS3","OAS3","blue","4940"
"OASL","OASL","yellow","8638"
"OCA2","OCA2","turquoise","4948"
"OCLN","OCLN","yellow","100506658"
"ODF3B","ODF3B","green",NA
"ODF3L2","ODF3L2","brown",NA
"OGDHL","OGDHL","black","55753"
"OGN","OGN","blue","4969"
"OLAH","OLAH","blue","55301"
"OLFM1","OLFM1","turquoise","10439"
"OLFM2","OLFM2","brown","93145"
"OLFM3","OLFM3","turquoise","118427"
"OLFM4","OLFM4","turquoise","10562"
"OLFML1","OLFML1","blue","283298"
"OLFML2A","OLFML2A","blue","169611"
"OLFML2B","OLFML2B","yellow","25903"
"OLFML3","OLFML3","green","56944"
"OLIG1","OLIG1","yellow","116448"
"OLIG2","OLIG2","yellow","10215"
"OLR1","OLR1","green","4973"
"OMD","OMD","blue","4958"
"ONECUT2","ONECUT2","turquoise","9480"
"OPALIN","OPALIN","yellow","93377"
"OPCML","OPCML","turquoise","4978"
"OPN3","OPN3","turquoise","23596"
"OPN4","OPN4","black","94233"
"OPRD1","OPRD1","red","4985"
"OPRK1","OPRK1","grey","4986"
"OPRL1","OPRL1","turquoise","4987"
"OPRM1","OPRM1","turquoise","4988"
"OR13J1","OR13J1","brown","392309"
"OR14I1","OR14I1","turquoise","401994"
"OR1F1","OR1F1","turquoise","4992"
"OR2H2","OR2H2","brown","7932"
"OR2L13","OR2L13","turquoise","284521"
"OR2W3","OR2W3","turquoise","343171"
"OR7A5","OR7A5","brown","26659"
"OR8S1","OR8S1","red","341568"
"ORAI1","ORAI1","brown","84876"
"OSBPL10","OSBPL10","turquoise","114884"
"OSGIN1","OSGIN1","brown","29948"
"OSM","OSM","green","5008"
"OSMR","OSMR","blue","9180"
"OSR1","OSR1","grey","130497"
"OSTN","OSTN","turquoise","344901"
"OTOF","OTOF","black","9381"
"OTOGL","OTOGL","turquoise","283310"
"OTOS","OTOS","brown","150677"
"OTUB2","OTUB2","turquoise","78990"
"OTUD7B","OTUD7B","yellow","56957"
"OTX1","OTX1","brown","5013"
"OVCH1","OVCH1","blue","341350"
"OVOL2","OVOL2","turquoise","58495"
"OXCT1","OXCT1","turquoise","5019"
"OXER1","OXER1","brown","165140"
"OXGR1","OXGR1","turquoise","27199"
"OXR1","OXR1","turquoise","55074"
"OXTR","OXTR","blue","5021"
"P2RX1","P2RX1","green","5023"
"P2RX5","P2RX5","black","5026"
"P2RX6","P2RX6","black","9127"
"P2RX7","P2RX7","brown","5027"
"P2RY1","P2RY1","grey","5028"
"P2RY12","P2RY12","grey","64805"
"P2RY13","P2RY13","green","53829"
"P2RY14","P2RY14","blue","9934"
"P2RY2","P2RY2","blue","5029"
"P2RY6","P2RY6","green","5031"
"P4HA1","P4HA1","brown","5033"
"PABPC1L2A","PABPC1L2A","turquoise","340529"
"PABPC1L2B","PABPC1L2B","turquoise","645974"
"PABPC3","PABPC3","grey","5042"
"PABPC4L","PABPC4L","blue","132430"
"PACSIN1","PACSIN1","black","29993"
"PADI2","PADI2","yellow","11240"
"PADI4","PADI4","turquoise","23569"
"PAG1","PAG1","red","55824"
"PAH","PAH","turquoise","5053"
"PAIP2B","PAIP2B","yellow","400961"
"PAK1","PAK1","turquoise","5058"
"PAK3","PAK3","turquoise","5063"
"PAK6","PAK6","turquoise","56924"
"PAK7","PAK7","turquoise",NA
"PALLD","PALLD","blue","23022"
"PALM3","PALM3","brown","342979"
"PALMD","PALMD","blue","54873"
"PAM","PAM","turquoise","5066"
"PANX2","PANX2","black","56666"
"PAPL","PAPL","yellow",NA
"PAPLN","PAPLN","blue","89932"
"PAPPA","PAPPA","grey","5069"
"PAQR5","PAQR5","blue","54852"
"PAQR6","PAQR6","yellow","79957"
"PAQR9","PAQR9","turquoise","344838"
"PARD3","PARD3","blue","56288"
"PARD3B","PARD3B","blue","117583"
"PARM1","PARM1","turquoise","25849"
"PARP15","PARP15","grey","165631"
"PARP9","PARP9","blue","83666"
"PARPBP","PARPBP","turquoise","55010"
"PARVG","PARVG","green","64098"
"PATL2","PATL2","yellow","197135"
"PAX7","PAX7","turquoise","5081"
"PAX8","PAX8","grey","7849"
"PBXIP1","PBXIP1","blue","57326"
"PCDH11X","PCDH11X","turquoise","27328"
"PCDH11Y","PCDH11Y","turquoise","83259"
"PCDH18","PCDH18","blue","54510"
"PCDH19","PCDH19","turquoise","57526"
"PCDH20","PCDH20","turquoise","64881"
"PCDH7","PCDH7","turquoise","5099"
"PCDH8","PCDH8","turquoise","5100"
"PCDHA1","PCDHA1","red","56147"
"PCDHA10","PCDHA10","red","56139"
"PCDHA11","PCDHA11","red","56138"
"PCDHA12","PCDHA12","red","56137"
"PCDHA13","PCDHA13","red","56136"
"PCDHA2","PCDHA2","red","56146"
"PCDHA3","PCDHA3","red","56145"
"PCDHA4","PCDHA4","red","56144"
"PCDHA5","PCDHA5","red","56143"
"PCDHA6","PCDHA6","red","56142"
"PCDHA7","PCDHA7","red","56141"
"PCDHA8","PCDHA8","red","56140"
"PCDHA9","PCDHA9","red","9752"
"PCDHAC1","PCDHAC1","red","56135"
"PCDHAC2","PCDHAC2","red","56134"
"PCDHB11","PCDHB11","blue","56125"
"PCDHB3","PCDHB3","turquoise","56132"
"PCDHGA1","PCDHGA1","grey","56114"
"PCDHGA10","PCDHGA10","red","56106"
"PCDHGA11","PCDHGA11","green","56105"
"PCDHGA12","PCDHGA12","green","26025"
"PCDHGA2","PCDHGA2","green","56113"
"PCDHGA3","PCDHGA3","green","56112"
"PCDHGA4","PCDHGA4","red","56111"
"PCDHGA5","PCDHGA5","red","56110"
"PCDHGA6","PCDHGA6","red","56109"
"PCDHGA7","PCDHGA7","red","56108"
"PCDHGA9","PCDHGA9","red","56107"
"PCDHGB1","PCDHGB1","red","56104"
"PCDHGB2","PCDHGB2","red","56103"
"PCDHGB3","PCDHGB3","green","56102"
"PCDHGB4","PCDHGB4","green","8641"
"PCDHGB6","PCDHGB6","green","56100"
"PCDHGB7","PCDHGB7","green","56099"
"PCDHGC3","PCDHGC3","green","5098"
"PCDHGC4","PCDHGC4","red","56098"
"PCDHGC5","PCDHGC5","red","56097"
"PCDP1","PCDP1","turquoise",NA
"PCK1","PCK1","blue","5105"
"PCLO","PCLO","turquoise","27445"
"PCOLCE","PCOLCE","blue","5118"
"PCOLCE2","PCOLCE2","grey","26577"
"PCP4","PCP4","turquoise","5121"
"PCP4L1","PCP4L1","turquoise","654790"
"PCSK1","PCSK1","turquoise","5122"
"PCSK1N","PCSK1N","black","27344"
"PCSK2","PCSK2","turquoise","5126"
"PCSK6","PCSK6","yellow","5046"
"PCSK9","PCSK9","blue","255738"
"PCYOX1L","PCYOX1L","turquoise","78991"
"PDE10A","PDE10A","turquoise","10846"
"PDE11A","PDE11A","yellow","50940"
"PDE1B","PDE1B","black","5153"
"PDE1C","PDE1C","yellow","5137"
"PDE3A","PDE3A","blue","5139"
"PDE3B","PDE3B","red","5140"
"PDE4A","PDE4A","black","5141"
"PDE4C","PDE4C","red","5143"
"PDE5A","PDE5A","blue","8654"
"PDE6B","PDE6B","yellow","5158"
"PDE6H","PDE6H","turquoise","5149"
"PDE8A","PDE8A","yellow","5151"
"PDF","PDF","red","64146"
"PDGFD","PDGFD","turquoise","80310"
"PDGFRB","PDGFRB","blue","5159"
"PDGFRL","PDGFRL","brown","5157"
"PDK4","PDK4","brown","5166"
"PDLIM1","PDLIM1","blue","9124"
"PDLIM4","PDLIM4","blue","8572"
"PDLIM7","PDLIM7","blue","9260"
"PDP1","PDP1","turquoise","54704"
"PDPR","PDPR","green","55066"
"PDXP","PDXP","black","57026"
"PDYN","PDYN","grey","5173"
"PEAR1","PEAR1","blue","375033"
"PENK","PENK","turquoise","5179"
"PER1","PER1","brown","5187"
"PERP","PERP","blue","64065"
"PFKP","PFKP","black","5214"
"PGBD4","PGBD4","red","161779"
"PGF","PGF","blue","5228"
"PGM2L1","PGM2L1","turquoise","283209"
"PGM5","PGM5","blue","5239"
"PGPEP1L","PGPEP1L","grey","145814"
"PGR","PGR","blue","5241"
"PHACTR1","PHACTR1","red","221692"
"PHEX","PHEX","blue","5251"
"PHF16","PHF16","brown",NA
"PHF19","PHF19","brown","26147"
"PHF21B","PHF21B","brown","112885"
"PHGDH","PHGDH","yellow","26227"
"PHIP","PHIP","red","55023"
"PHKG1","PHKG1","green","5260"
"PHLDA2","PHLDA2","grey","7262"
"PHLDB1","PHLDB1","yellow","23187"
"PHLDB2","PHLDB2","turquoise","90102"
"PHLPP1","PHLPP1","yellow","23239"
"PHOSPHO1","PHOSPHO1","black","162466"
"PHYHD1","PHYHD1","brown","254295"
"PHYHIP","PHYHIP","black","9796"
"PI15","PI15","grey","51050"
"PI16","PI16","yellow","221476"
"PIANP","PIANP","black","196500"
"PID1","PID1","turquoise","55022"
"PIDD","PIDD","brown",NA
"PIEZO1","PIEZO1","brown","9780"
"PIEZO2","PIEZO2","yellow","63895"
"PIF1","PIF1","brown","80119"
"PIFO","PIFO","blue",NA
"PIK3AP1","PIK3AP1","green","118788"
"PIK3C2B","PIK3C2B","yellow","5287"
"PIK3CG","PIK3CG","green","5294"
"PIK3R2","PIK3R2.1","brown","5296"
"PIK3R5","PIK3R5","green","23533"
"PILRA","PILRA","brown","29992"
"PIM1","PIM1","blue","5292"
"PIP4K2A","PIP4K2A","yellow","5305"
"PIP5K1B","PIP5K1B","turquoise","8395"
"PIP5KL1","PIP5KL1","turquoise","138429"
"PIR","PIR","brown","8544"
"PIRT","PIRT","green","644139"
"PITPNM1","PITPNM1","black","9600"
"PITPNM3","PITPNM3","black","83394"
"PIWIL2","PIWIL2","yellow","55124"
"PKD1P1","PKD1P1","brown","339044"
"PKD2L1","PKD2L1","turquoise","9033"
"PKDREJ","PKDREJ","yellow","10343"
"PKIB","PKIB","turquoise","5570"
"PKLR","PKLR","turquoise","5313"
"PKN3","PKN3","blue","29941"
"PKNOX2","PKNOX2","black","63876"
"PKP1","PKP1","grey","5317"
"PKP2","PKP2","turquoise","5318"
"PKP3","PKP3","turquoise","11187"
"PKP4","PKP4","yellow","8502"
"PLA1A","PLA1A","blue","51365"
"PLA2G16","PLA2G16","yellow",NA
"PLA2G4B","PLA2G4B","brown","100137049"
"PLA2G5","PLA2G5","blue","5322"
"PLA2R1","PLA2R1","grey","22925"
"PLAC8","PLAC8","blue","51316"
"PLAGL1","PLAGL1","turquoise","5325"
"PLAT","PLAT","blue","5327"
"PLAU","PLAU","blue","5328"
"PLAUR","PLAUR","blue","5329"
"PLBD1","PLBD1","green","79887"
"PLBD2","PLBD2","red","196463"
"PLCB1","PLCB1","turquoise","23236"
"PLCB2","PLCB2","green","5330"
"PLCB3","PLCB3","brown","5331"
"PLCB4","PLCB4","turquoise","5332"
"PLCD1","PLCD1","blue","5333"
"PLCE1","PLCE1","blue","51196"
"PLCG2","PLCG2","green","5336"
"PLCH1","PLCH1","turquoise","23007"
"PLCL2","PLCL2","turquoise","23228"
"PLCXD2","PLCXD2","red","257068"
"PLCXD3","PLCXD3","turquoise","345557"
"PLD1","PLD1","yellow","5337"
"PLD4","PLD4","green","122618"
"PLEK","PLEK","green","5341"
"PLEKHA4","PLEKHA4","blue","57664"
"PLEKHA7","PLEKHA7","green","144100"
"PLEKHB1","PLEKHB1","yellow","58473"
"PLEKHD1","PLEKHD1","red","400224"
"PLEKHF1","PLEKHF1","brown","79156"
"PLEKHG2","PLEKHG2","blue","64857"
"PLEKHG3","PLEKHG3","yellow","26030"
"PLEKHG4","PLEKHG4","yellow","25894"
"PLEKHG4B","PLEKHG4B","brown","153478"
"PLEKHG5","PLEKHG5","black","57449"
"PLEKHH1","PLEKHH1","yellow","57475"
"PLEKHM3","PLEKHM3","red","389072"
"PLEKHO2","PLEKHO2","blue","80301"
"PLG","PLG","turquoise","5340"
"PLGLB1","PLGLB1","grey","5343"
"PLIN1","PLIN1","brown","5346"
"PLIN2","PLIN2","blue","123"
"PLIN3","PLIN3","yellow","10226"
"PLIN4","PLIN4","brown","729359"
"PLIN5","PLIN5","brown","440503"
"PLK1","PLK1","brown","5347"
"PLK2","PLK2","turquoise","10769"
"PLK4","PLK4","turquoise","10733"
"PLK5","PLK5","brown","126520"
"PLLP","PLLP","yellow","51090"
"PLN","PLN","blue","5350"
"PLOD3","PLOD3","brown","8985"
"PLP1","PLP1","yellow","5354"
"PLP2","PLP2","blue","5355"
"PLSCR1","PLSCR1","blue","5359"
"PLSCR4","PLSCR4","blue","57088"
"PLTP","PLTP","blue","5360"
"PLVAP","PLVAP","green","83483"
"PLXDC2","PLXDC2","brown","84898"
"PLXNA4","PLXNA4","turquoise","91584"
"PLXNB1","PLXNB1","yellow","5364"
"PLXNB3","PLXNB3","yellow","5365"
"PMAIP1","PMAIP1","grey","5366"
"PMFBP1","PMFBP1","brown","83449"
"PMP22","PMP22","yellow","5376"
"PMS2","PMS2","turquoise","5395"
"PNLDC1","PNLDC1","grey","154197"
"PNMA2","PNMA2","turquoise","10687"
"PNMA3","PNMA3","black","29944"
"PNMA5","PNMA5","turquoise","114824"
"PNMA6C","PNMA6C","grey",NA
"PNMAL1","PNMAL1","turquoise",NA
"PNMAL2","PNMAL2","black",NA
"PNOC","PNOC","turquoise","5368"
"PNP","PNP","blue","4860"
"PNPLA3","PNPLA3","red","80339"
"PNPLA5","PNPLA5","turquoise","150379"
"PODN","PODN","blue","127435"
"POLD1","POLD1","brown","5424"
"POMC","POMC","grey","5443"
"PON1","PON1","grey","5444"
"PON3","PON3","blue","5446"
"POSTN","POSTN","turquoise","10631"
"POU2AF1","POU2AF1","yellow","5450"
"POU3F4","POU3F4","brown","5456"
"POU5F1","POU5F1","brown","5460"
"POU6F2","POU6F2","turquoise","11281"
"PP2D1","PP2D1","turquoise","151649"
"PPAP2C","PPAP2C","yellow",NA
"PPAPDC1A","PPAPDC1A","brown",NA
"PPEF1","PPEF1","turquoise","5475"
"PPEF2","PPEF2","brown","5470"
"PPFIA3","PPFIA3","black","8541"
"PPFIA4","PPFIA4","black","8497"
"PPFIBP2","PPFIBP2","yellow","8495"
"PPL","PPL","turquoise","5493"
"PPM1E","PPM1E","red","22843"
"PPM1J","PPM1J","turquoise","333926"
"PPP1R13L","PPP1R13L","brown","10848"
"PPP1R14A","PPP1R14A","yellow","94274"
"PPP1R14C","PPP1R14C","turquoise","81706"
"PPP1R17","PPP1R17","turquoise","10842"
"PPP1R18","PPP1R18","blue","170954"
"PPP1R1B","PPP1R1B","brown","84152"
"PPP1R36","PPP1R36","yellow","145376"
"PPP1R3B","PPP1R3B","blue","79660"
"PPP1R3C","PPP1R3C","blue","5507"
"PPP1R3G","PPP1R3G","brown","648791"
"PPP1R42","PPP1R42","grey","286187"
"PPP3CA","PPP3CA","turquoise","5530"
"PPP3CB","PPP3CB","turquoise","5532"
"PPP3R1","PPP3R1","turquoise","5534"
"PPP4R1L","PPP4R1L","green","55370"
"PPP4R4","PPP4R4","turquoise","57718"
"PRAM1","PRAM1","brown","84106"
"PRB2","PRB2","brown","653247"
"PRCD","PRCD","yellow","768206"
"PRDM12","PRDM12","turquoise","59335"
"PRDM16","PRDM16","brown","63976"
"PRDM6","PRDM6","brown","93166"
"PRELP","PRELP","blue","5549"
"PREX1","PREX1","yellow","57580"
"PRF1","PRF1","brown","5551"
"PRG4","PRG4","turquoise","10216"
"PRICKLE1","PRICKLE1","turquoise","144165"
"PRICKLE3","PRICKLE3","brown","4007"
"PRIMA1","PRIMA1","yellow","145270"
"PRKAA2","PRKAA2","turquoise","5563"
"PRKAR1B","PRKAR1B","black","5575"
"PRKAR2B","PRKAR2B","turquoise","5577"
"PRKCB","PRKCB","turquoise","5579"
"PRKCDBP","PRKCDBP","blue",NA
"PRKCE","PRKCE","turquoise","5581"
"PRKCG","PRKCG","black","5582"
"PRKCH","PRKCH","blue","5583"
"PRKCQ","PRKCQ","yellow","5588"
"PRKD2","PRKD2","brown","25865"
"PRKG2","PRKG2","turquoise","5593"
"PRKX","PRKX","brown","5613"
"PRLHR","PRLHR","turquoise","2834"
"PRLR","PRLR","grey","5618"
"PRMT8","PRMT8","turquoise","56341"
"PROCR","PROCR","blue","10544"
"PRODH","PRODH","brown","5625"
"PROKR2","PROKR2","red","128674"
"PROM2","PROM2","brown","150696"
"PROSER2","PROSER2","blue","254427"
"PROX1","PROX1","yellow","5629"
"PRPH","PRPH","grey","5630"
"PRPH2","PRPH2","turquoise","5961"
"PRR15","PRR15","grey","222171"
"PRR18","PRR18","yellow","285800"
"PRR22","PRR22","grey","163154"
"PRR5L","PRR5L","yellow","79899"
"PRRG1","PRRG1","yellow","5638"
"PRRG2","PRRG2","brown","5639"
"PRRG3","PRRG3","turquoise","79057"
"PRRG4","PRRG4","green","79056"
"PRRT2","PRRT2","black","112476"
"PRSS12","PRSS12","turquoise","8492"
"PRSS16","PRSS16","turquoise","10279"
"PRSS3","PRSS3","black","5646"
"PRSS35","PRSS35","grey","167681"
"PRSS55","PRSS55","grey","203074"
"PRSS56","PRSS56","grey","646960"
"PRTG","PRTG","grey","283659"
"PRTN3","PRTN3","turquoise","5657"
"PRX","PRX","brown","57716"
"PSCA","PSCA","grey","8000"
"PSD","PSD","black","5662"
"PSMB8","PSMB8","blue","5696"
"PSMB9","PSMB9","green","5698"
"PSORS1C1","PSORS1C1","brown","170679"
"PSTPIP1","PSTPIP1","brown","9051"
"PSTPIP2","PSTPIP2","blue","9050"
"PTAFR","PTAFR","green","5724"
"PTER","PTER","turquoise","9317"
"PTF1A","PTF1A","grey","256297"
"PTGDR","PTGDR","grey","5729"
"PTGDR2","PTGDR2","brown","11251"
"PTGDS","PTGDS","brown","5730"
"PTGER1","PTGER1","green","5731"
"PTGER3","PTGER3","turquoise","5733"
"PTGER4","PTGER4","blue","5734"
"PTGES","PTGES","red","9536"
"PTGFR","PTGFR","turquoise","5737"
"PTGIR","PTGIR","blue","5739"
"PTGIS","PTGIS","turquoise","5740"
"PTGS1","PTGS1","green","5742"
"PTGS2","PTGS2","grey","5743"
"PTH1R","PTH1R","brown","5745"
"PTH2R","PTH2R","turquoise","5746"
"PTHLH","PTHLH","turquoise","5744"
"PTK2B","PTK2B","black","2185"
"PTK6","PTK6","yellow","5753"
"PTP4A3","PTP4A3","blue","11156"
"PTPN14","PTPN14","red","5784"
"PTPN20B","PTPN20B","turquoise",NA
"PTPN22","PTPN22","grey","26191"
"PTPN3","PTPN3","turquoise","5774"
"PTPN5","PTPN5","turquoise","84867"
"PTPN6","PTPN6","green","5777"
"PTPN7","PTPN7","green","5778"
"PTPRC","PTPRC","green","5788"
"PTPRCAP","PTPRCAP","brown","5790"
"PTPRH","PTPRH","yellow","5794"
"PTPRJ","PTPRJ","red","5795"
"PTPRN","PTPRN","black","5798"
"PTPRN2","PTPRN2","turquoise","5799"
"PTPRO","PTPRO","turquoise","5800"
"PTPRQ","PTPRQ","turquoise","374462"
"PTPRR","PTPRR","turquoise","5801"
"PTPRT","PTPRT","turquoise","11122"
"PTRF","PTRF","brown",NA
"PTX3","PTX3","grey","5806"
"PVALB","PVALB","turquoise","5816"
"PVRIG","PVRIG","yellow","79037"
"PXDC1","PXDC1","blue","221749"
"PXK","PXK","yellow","54899"
"PXN","PXN","green","5829"
"PYCARD","PYCARD","green","29108"
"PYDC1","PYDC1","grey","260434"
"PYGL","PYGL","blue","5836"
"PYGM","PYGM","brown","5837"
"PYROXD1","PYROXD1","turquoise","79912"
"PYROXD2","PYROXD2","brown","84795"
"PZP","PZP","grey","5858"
"QDPR","QDPR","yellow","5860"
"QKI","QKI","yellow","9444"
"QPCT","QPCT","turquoise","25797"
"QRFPR","QRFPR","turquoise","84109"
"QRICH2","QRICH2","brown","84074"
"R3HDM1","R3HDM1","turquoise","23518"
"RAB13","RAB13","blue","5872"
"RAB15","RAB15","turquoise","376267"
"RAB17","RAB17","black","64284"
"RAB20","RAB20","blue","55647"
"RAB25","RAB25","brown","57111"
"RAB26","RAB26","black","25837"
"RAB27B","RAB27B","turquoise","5874"
"RAB34","RAB34","blue","83871"
"RAB37","RAB37","black","326624"
"RAB39A","RAB39A","red","54734"
"RAB3A","RAB3A","black","5864"
"RAB3B","RAB3B","turquoise","5865"
"RAB3C","RAB3C","turquoise","115827"
"RAB3IL1","RAB3IL1","brown","5866"
"RAB40A","RAB40A","turquoise","142684"
"RAB42","RAB42","green","115273"
"RAB6B","RAB6B","turquoise","51560"
"RAB6C","RAB6C","yellow","84084"
"RAB9B","RAB9B","turquoise","51209"
"RAC2","RAC2","green","5880"
"RAD51AP1","RAD51AP1","turquoise","10635"
"RAD51AP2","RAD51AP2","turquoise","729475"
"RAD54L2","RAD54L2","red","23132"
"RAI14","RAI14","brown","26064"
"RALGDS","RALGDS","brown","5900"
"RALGPS2","RALGPS2","turquoise","55103"
"RALYL","RALYL","turquoise","138046"
"RAMP3","RAMP3","blue","10268"
"RANBP3L","RANBP3L","blue","202151"
"RAP1GAP2","RAP1GAP2","red","23108"
"RAPGEF3","RAPGEF3","brown","10411"
"RARB","RARB","turquoise","5915"
"RARRES1","RARRES1","turquoise","5918"
"RARRES3","RARRES3","green",NA
"RASAL3","RASAL3","green","64926"
"RASD1","RASD1","brown","51655"
"RASD2","RASD2","black","23551"
"RASEF","RASEF","grey","158158"
"RASGRF1","RASGRF1","turquoise","5923"
"RASGRF2","RASGRF2","turquoise","5924"
"RASGRP1","RASGRP1","turquoise","10125"
"RASGRP3","RASGRP3","yellow","25780"
"RASGRP4","RASGRP4","green","115727"
"RASL10A","RASL10A","turquoise","10633"
"RASL10B","RASL10B","brown","91608"
"RASL11B","RASL11B","turquoise","65997"
"RASL12","RASL12","blue","51285"
"RASSF2","RASSF2","yellow","9770"
"RBFOX1","RBFOX1","turquoise","54715"
"RBFOX3","RBFOX3","black","146713"
"RBM11","RBM11","turquoise","54033"
"RBM24","RBM24","turquoise","221662"
"RBM3","RBM3","turquoise","5935"
"RBM44","RBM44","grey","375316"
"RBM47","RBM47","green","54502"
"RBMS2","RBMS2","blue","5939"
"RBP4","RBP4","turquoise","5950"
"RBP5","RBP5","grey","83758"
"RBP7","RBP7","yellow","116362"
"RBPMS","RBPMS","blue","11030"
"RBPMS2","RBPMS2","blue","348093"
"RCAN2","RCAN2","turquoise","10231"
"RCAN3","RCAN3","yellow","11123"
"RCC1","RCC1","brown","1104"
"RCVRN","RCVRN","brown","5957"
"RDH10","RDH10","blue","157506"
"RDH12","RDH12","turquoise","145226"
"RDH16","RDH16","brown","8608"
"RDH5","RDH5","yellow","5959"
"REEP1","REEP1","turquoise","65055"
"REEP3","REEP3","yellow","221035"
"REEP4","REEP4","brown","80346"
"REL","REL","blue","5966"
"RELA","RELA","brown","5970"
"RELL1","RELL1","green","768211"
"RELL2","RELL2","turquoise","285613"
"RELN","RELN","turquoise","5649"
"REM1","REM1","grey","28954"
"RENBP","RENBP","brown","5973"
"REP15","REP15","brown","387849"
"RERG","RERG","grey","85004"
"RERGL","RERGL","grey","79785"
"RESP18","RESP18","grey","389075"
"RET","RET","turquoise","5979"
"RFFL","RFFL","yellow","117584"
"RFK","RFK","turquoise","55312"
"RFPL2","RFPL2","turquoise","10739"
"RFPL3S","RFPL3S","brown","10737"
"RFTN1","RFTN1","turquoise","23180"
"RFTN2","RFTN2","yellow","130132"
"RFX2","RFX2","brown","5990"
"RFX4","RFX4","blue","5992"
"RFX8","RFX8","turquoise","731220"
"RGCC","RGCC","brown","28984"
"RGL3","RGL3","blue","57139"
"RGPD2","RGPD2","grey","729857"
"RGPD3","RGPD3","turquoise","653489"
"RGPD5","RGPD5","turquoise","84220"
"RGPD8","RGPD8","red","727851"
"RGR","RGR","blue","5995"
"RGS1","RGS1","green","5996"
"RGS10","RGS10","green","6001"
"RGS14","RGS14","black","10636"
"RGS16","RGS16","blue","6004"
"RGS18","RGS18","green","64407"
"RGS20","RGS20","blue","8601"
"RGS22","RGS22","grey","26166"
"RGS4","RGS4","turquoise","5999"
"RGS5","RGS5","turquoise","8490"
"RGS6","RGS6","turquoise","9628"
"RGS7","RGS7","turquoise","6000"
"RGS7BP","RGS7BP","turquoise","401190"
"RGS8","RGS8","turquoise","85397"
"RGS9","RGS9","yellow","8787"
"RHBDF1","RHBDF1","blue","64285"
"RHBDF2","RHBDF2","green","79651"
"RHBDL2","RHBDL2","yellow","54933"
"RHCE","RHCE","grey","6006"
"RHCG","RHCG","brown","51458"
"RHD","RHD","grey","6007"
"RHEBL1","RHEBL1","turquoise","121268"
"RHO","RHO","turquoise","6010"
"RHOC","RHOC","blue","389"
"RHOD","RHOD","blue","29984"
"RHOF","RHOF","black","54509"
"RHOG","RHOG","yellow","391"
"RHOJ","RHOJ","blue","57381"
"RHOU","RHOU","yellow","58480"
"RHOV","RHOV","turquoise","171177"
"RHOXF1","RHOXF1","brown","158800"
"RHPN2","RHPN2","blue","85415"
"RIBC1","RIBC1","brown","158787"
"RIBC2","RIBC2","grey","26150"
"RIIAD1","RIIAD1","turquoise","284485"
"RIMBP2","RIMBP2","turquoise","23504"
"RIMKLA","RIMKLA","turquoise","284716"
"RIMS1","RIMS1","turquoise","22999"
"RIMS2","RIMS2","turquoise","9699"
"RIMS3","RIMS3","turquoise","9783"
"RIMS4","RIMS4","black","140730"
"RIN3","RIN3","green","79890"
"RIPK3","RIPK3","green","11035"
"RIT2","RIT2","turquoise","6014"
"RLBP1","RLBP1","blue","6017"
"RLTPR","RLTPR","brown",NA
"RMI2","RMI2","turquoise","116028"
"RNASE1","RNASE1","yellow","6035"
"RNASE2","RNASE2","green","6036"
"RNASE3","RNASE3","blue","6037"
"RNASE6","RNASE6","green","6039"
"RNASET2","RNASET2","green","8635"
"RND1","RND1","turquoise","27289"
"RND3","RND3","turquoise","390"
"RNF122","RNF122","brown","79845"
"RNF125","RNF125","yellow","54941"
"RNF128","RNF128","turquoise","79589"
"RNF135","RNF135","brown","84282"
"RNF150","RNF150","red","57484"
"RNF152","RNF152","blue","220441"
"RNF165","RNF165","turquoise",NA
"RNF169","RNF169","red","254225"
"RNF175","RNF175","turquoise","285533"
"RNF182","RNF182","brown","221687"
"RNF224","RNF224","grey","643596"
"RNF43","RNF43","blue","54894"
"ROBO2","ROBO2","turquoise","6092"
"ROM1","ROM1","brown","6094"
"ROPN1B","ROPN1B","grey","152015"
"ROPN1L","ROPN1L","turquoise","83853"
"ROR1","ROR1","blue","4919"
"ROR2","ROR2","grey","4920"
"RORB","RORB","turquoise","6096"
"ROS1","ROS1","turquoise","6098"
"RP1-130H16","RP1-130H16.18","brown",NA
"RP11-1026M7","RP11-1026M7.2","turquoise",NA
"RP11-1105G2","RP11-1105G2.3","yellow",NA
"RP11-1212A22","RP11-1212A22.2","brown",NA
"RP11-122A3","RP11-122A3.2","blue",NA
"RP11-127I20","RP11-127I20.4","yellow",NA
"RP11-12J10","RP11-12J10.3","yellow",NA
"RP11-146D12","RP11-146D12.2","grey",NA
"RP11-159G9","RP11-159G9.5","red",NA
"RP11-166B2","RP11-166B2.1","brown",NA
"RP11-17M16","RP11-17M16.1","grey",NA
"RP11-247C2","RP11-247C2.2","grey",NA
"RP11-24B21","RP11-24B21.1","grey",NA
"RP11-259P6","RP11-259P6.1","red",NA
"RP11-347C12","RP11-347C12.3","turquoise",NA
"RP11-382J12","RP11-382J12.1","brown",NA
"RP11-383H13","RP11-383H13.1","turquoise",NA
"RP11-419C5","RP11-419C5.2","brown",NA
"RP11-41O4","RP11-41O4.1","yellow",NA
"RP11-422N16","RP11-422N16.3","red",NA
"RP11-433C9","RP11-433C9.2","brown",NA
"RP11-481A20","RP11-481A20.11","turquoise",NA
"RP11-537P22","RP11-537P22.1","yellow",NA
"RP11-553A10","RP11-553A10.1","turquoise",NA
"RP11-571M6","RP11-571M6.6","brown",NA
"RP11-59H1","RP11-59H1.3","brown",NA
"RP11-613M10","RP11-613M10.8","grey",NA
"RP11-664D7","RP11-664D7.4","turquoise",NA
"RP11-719K4","RP11-719K4.1","grey",NA
"RP11-766F14","RP11-766F14.2","turquoise",NA
"RP11-81K2","RP11-81K2.1","brown",NA
"RP11-826N14","RP11-826N14.2","turquoise",NA
"RP11-830F9","RP11-830F9.6","brown",NA
"RP11-831H9","RP11-831H9.16","green",NA
"RP11-89K11","RP11-89K11.1","yellow",NA
"RP13-996F3","RP13-996F3.5","turquoise",NA
"RPE65","RPE65","turquoise","6121"
"RPGRIP1L","RPGRIP1L","turquoise","23322"
"RPH3A","RPH3A","turquoise","22895"
"RPP14","RPP14","red","11102"
"RPRM","RPRM","grey","56475"
"RPRML","RPRML","black","388394"
"RPS28","RPS28","brown","6234"
"RPS6KA1","RPS6KA1","brown","6195"
"RPS6KA6","RPS6KA6","turquoise","27330"
"RPSAP58","RPSAP58","brown",NA
"RRAD","RRAD","brown","6236"
"RRAS","RRAS","blue","6237"
"RRBP1","RRBP1","yellow","6238"
"RREB1","RREB1","blue","6239"
"RRH","RRH","turquoise","10692"
"RSAD2","RSAD2","turquoise","91543"
"RSPH10B","RSPH10B","grey","222967"
"RSPH3","RSPH3","red","83861"
"RSPH4A","RSPH4A","red","345895"
"RSPO2","RSPO2","turquoise","340419"
"RSPO3","RSPO3","turquoise","84870"
"RSPO4","RSPO4","brown","343637"
"RTBDN","RTBDN","black","83546"
"RTEL1","RTEL1","red","51750"
"RTKN","RTKN","yellow","6242"
"RTKN2","RTKN2","turquoise","219790"
"RTN1","RTN1","turquoise","6252"
"RTN2","RTN2","black","6253"
"RTN4R","RTN4R","turquoise","65078"
"RTN4RL1","RTN4RL1","turquoise","146760"
"RTN4RL2","RTN4RL2","black","349667"
"RTP1","RTP1","turquoise","132112"
"RUFY4","RUFY4","brown","285180"
"RUNDC3B","RUNDC3B","turquoise","154661"
"RUNX1","RUNX1","green","861"
"RUNX3","RUNX3","blue","864"
"RXFP1","RXFP1","turquoise","59350"
"RYR3","RYR3","blue","6263"
"S100A10","S100A10","blue","6281"
"S100A11","S100A11","blue","6282"
"S100A14","S100A14","blue","57402"
"S100A2","S100A2","brown","6273"
"S100A4","S100A4","blue","6275"
"S100A8","S100A8","blue","6279"
"S100A9","S100A9","blue","6280"
"S100B","S100B","yellow","6285"
"S1PR1","S1PR1","blue","1901"
"S1PR3","S1PR3","blue","1903"
"S1PR4","S1PR4","brown","8698"
"S1PR5","S1PR5","yellow","53637"
"SALL1","SALL1","yellow","6299"
"SALL3","SALL3","brown","27164"
"SAMD11","SAMD11","brown","148398"
"SAMD14","SAMD14","black","201191"
"SAMD15","SAMD15","turquoise","161394"
"SAMD3","SAMD3","turquoise","154075"
"SAMD5","SAMD5","turquoise","389432"
"SAMD9L","SAMD9L","blue","219285"
"SAMSN1","SAMSN1","green","64092"
"SAPCD1","SAPCD1","brown","401251"
"SARDH","SARDH","grey","1757"
"SASH3","SASH3","green","54440"
"SATB2","SATB2","turquoise","23314"
"SBNO2","SBNO2","green","22904"
"SBSN","SBSN","brown","374897"
"SCAI","SCAI","turquoise","286205"
"SCAMP2","SCAMP2","brown","10066"
"SCAND3","SCAND3","turquoise","114821"
"SCARA3","SCARA3","blue","51435"
"SCARA5","SCARA5","turquoise","286133"
"SCD","SCD","yellow","6319"
"SCG2","SCG2","turquoise","7857"
"SCG3","SCG3","turquoise","29106"
"SCGB3A1","SCGB3A1","grey","92304"
"SCGN","SCGN","grey","10590"
"SCIMP","SCIMP","green","388325"
"SCIN","SCIN","green","85477"
"SCN11A","SCN11A","red","11280"
"SCN1A","SCN1A","turquoise","6323"
"SCN2A","SCN2A","turquoise","6326"
"SCN2B","SCN2B","turquoise","6327"
"SCN3A","SCN3A","turquoise","6328"
"SCN3B","SCN3B","turquoise","55800"
"SCN4B","SCN4B","turquoise","6330"
"SCN5A","SCN5A","turquoise","6331"
"SCN7A","SCN7A","turquoise","6332"
"SCN8A","SCN8A","turquoise","6334"
"SCNN1G","SCNN1G","brown","6340"
"SCRT1","SCRT1","black","83482"
"SCRT2","SCRT2","black","85508"
"SCTR","SCTR","turquoise","6344"
"SCUBE1","SCUBE1","grey","80274"
"SCUBE3","SCUBE3","brown","222663"
"SCXA","SCXA","brown",NA
"SDC1","SDC1","turquoise","6382"
"SDC2","SDC2","blue","6383"
"SDC4","SDC4","brown","6385"
"SDPR","SDPR","blue",NA
"SDR16C5","SDR16C5","turquoise","195814"
"SDR42E2","SDR42E2","brown","100288072"
"SDS","SDS","blue","10993"
"SEC14L4","SEC14L4","brown","284904"
"SEC14L6","SEC14L6","green","730005"
"SEC16B","SEC16B","turquoise","89866"
"SECTM1","SECTM1","blue","6398"
"SEL1L3","SEL1L3","grey","23231"
"SELE","SELE","blue","6401"
"SELL","SELL","green","6402"
"SELPLG","SELPLG","green","6404"
"SELRC1","SELRC1","red",NA
"SEMA3A","SEMA3A","turquoise","10371"
"SEMA3C","SEMA3C","grey","10512"
"SEMA3D","SEMA3D","grey","223117"
"SEMA3E","SEMA3E","turquoise","9723"
"SEMA3F","SEMA3F","blue","6405"
"SEMA3G","SEMA3G","grey","56920"
"SEMA4A","SEMA4A","black","64218"
"SEMA4D","SEMA4D","yellow","10507"
"SEMA6A","SEMA6A","yellow","57556"
"SEMA6B","SEMA6B","black","10501"
"SEPP1","SEPP1","yellow",NA
"SEPT10","SEPT10","yellow",NA
"SEPT12","SEPT12","yellow",NA
"SEPT3","SEPT3","black",NA
"SEPT4","SEPT4","yellow",NA
"SEPT5","SEPT5","black",NA
"SERF1B","SERF1B","turquoise","728492"
"SERHL2","SERHL2","brown","253190"
"SERINC2","SERINC2","green","347735"
"SERINC5","SERINC5","brown","256987"
"SERPINA1","SERPINA1","green","5265"
"SERPINA10","SERPINA10","grey","51156"
"SERPINA3","SERPINA3","green","12"
"SERPINA5","SERPINA5","brown","5104"
"SERPINB1","SERPINB1","green","1992"
"SERPIND1","SERPIND1","blue","3053"
"SERPINE1","SERPINE1","blue","5054"
"SERPINF1","SERPINF1","turquoise","5176"
"SERPINF2","SERPINF2","brown","5345"
"SERPING1","SERPING1","blue","710"
"SERPINH1","SERPINH1","blue","871"
"SERPINI1","SERPINI1","turquoise","5274"
"SERPINI2","SERPINI2","grey","5276"
"SERTAD1","SERTAD1","brown","29950"
"SERTM1","SERTM1","turquoise","400120"
"SETD9","SETD9","yellow","133383"
"SEZ6","SEZ6","turquoise","124925"
"SEZ6L","SEZ6L","turquoise","23544"
"SEZ6L2","SEZ6L2","black","26470"
"SFN","SFN","brown","2810"
"SFR1","SFR1","yellow","119392"
"SFRP1","SFRP1","yellow","6422"
"SFRP2","SFRP2","grey","6423"
"SFRP4","SFRP4","blue","6424"
"SFRP5","SFRP5","black","6425"
"SFT2D2","SFT2D2","green","375035"
"SFTPA2","SFTPA2","red","729238"
"SFTPC","SFTPC","brown","6440"
"SFTPD","SFTPD","turquoise","6441"
"SGCA","SGCA","blue","6442"
"SGCG","SGCG","turquoise","6445"
"SGCZ","SGCZ","grey","137868"
"SGK1","SGK1","yellow","6446"
"SGK2","SGK2","yellow","10110"
"SGK3","SGK3","yellow","23678"
"SGK494","SGK494","red",NA
"SGMS2","SGMS2","yellow","166929"
"SGPP2","SGPP2","red","130367"
"SGTB","SGTB","turquoise","54557"
"SH2B2","SH2B2","brown","10603"
"SH2D1B","SH2D1B","grey","117157"
"SH2D4A","SH2D4A","blue","63898"
"SH2D5","SH2D5","turquoise","400745"
"SH2D6","SH2D6","brown","284948"
"SH2D7","SH2D7","brown","646892"
"SH3BP2","SH3BP2","blue","6452"
"SH3BP4","SH3BP4","yellow","23677"
"SH3BP5","SH3BP5","red","9467"
"SH3D21","SH3D21","red","79729"
"SH3GL2","SH3GL2","turquoise","6456"
"SH3PXD2B","SH3PXD2B","brown","285590"
"SH3RF2","SH3RF2","turquoise","153769"
"SH3TC1","SH3TC1","green","54436"
"SH3TC2","SH3TC2","yellow","79628"
"SHANK1","SHANK1","red","50944"
"SHANK2","SHANK2","turquoise","22941"
"SHB","SHB","yellow","6461"
"SHBG","SHBG","grey","6462"
"SHC3","SHC3","red","53358"
"SHC4","SHC4","yellow","399694"
"SHD","SHD","black","56961"
"SHE","SHE","blue","126669"
"SHH","SHH","turquoise","6469"
"SHISA2","SHISA2","yellow","387914"
"SHISA3","SHISA3","blue","152573"
"SHISA6","SHISA6","red","388336"
"SHISA8","SHISA8","turquoise","440829"
"SHISA9","SHISA9","turquoise","729993"
"SHKBP1","SHKBP1","brown","92799"
"SHROOM1","SHROOM1","yellow","134549"
"SHROOM3","SHROOM3","red","57619"
"SHROOM4","SHROOM4","yellow","57477"
"SIAH3","SIAH3","red","283514"
"SIDT1","SIDT1","turquoise","54847"
"SIGLEC1","SIGLEC1","green","6614"
"SIGLEC10","SIGLEC10","green","89790"
"SIGLEC11","SIGLEC11","green","114132"
"SIGLEC14","SIGLEC14","green","100049587"
"SIGLEC8","SIGLEC8","green","27181"
"SIGLEC9","SIGLEC9","green","27180"
"SIK1","SIK1","blue","150094"
"SIPA1","SIPA1","brown","6494"
"SIRPB1","SIRPB1","red","10326"
"SIRPB2","SIRPB2","green","284759"
"SIX1","SIX1","blue","6495"
"SIX3","SIX3","blue","6496"
"SIX4","SIX4","blue","51804"
"SIX5","SIX5","blue","147912"
"SKA3","SKA3","grey","221150"
"SLA","SLA","green","6503"
"SLA2","SLA2","brown","84174"
"SLAIN1","SLAIN1","yellow","122060"
"SLAMF8","SLAMF8","green","56833"
"SLC10A4","SLC10A4","turquoise","201780"
"SLC10A5","SLC10A5","turquoise","347051"
"SLC11A1","SLC11A1","green","6556"
"SLC12A1","SLC12A1","turquoise","6557"
"SLC12A2","SLC12A2","yellow","6558"
"SLC12A5","SLC12A5","turquoise","57468"
"SLC12A6","SLC12A6","red","9990"
"SLC12A7","SLC12A7","blue","10723"
"SLC12A8","SLC12A8","turquoise","84561"
"SLC13A4","SLC13A4","blue","26266"
"SLC13A5","SLC13A5","brown","284111"
"SLC14A1","SLC14A1","brown","6563"
"SLC15A3","SLC15A3","green","51296"
"SLC15A5","SLC15A5","grey","729025"
"SLC16A1","SLC16A1","grey","6566"
"SLC16A10","SLC16A10","turquoise","117247"
"SLC16A12","SLC16A12","blue","387700"
"SLC16A13","SLC16A13","brown","201232"
"SLC16A14","SLC16A14","turquoise","151473"
"SLC16A3","SLC16A3","green","9123"
"SLC16A5","SLC16A5","green","9121"
"SLC16A6","SLC16A6","turquoise","9120"
"SLC16A7","SLC16A7","turquoise","9194"
"SLC16A8","SLC16A8","yellow","23539"
"SLC16A9","SLC16A9","brown","220963"
"SLC17A6","SLC17A6","turquoise","57084"
"SLC17A7","SLC17A7","black","57030"
"SLC17A8","SLC17A8","turquoise","246213"
"SLC17A9","SLC17A9","green","63910"
"SLC19A3","SLC19A3","blue","80704"
"SLC1A2","SLC1A2","grey","6506"
"SLC1A3","SLC1A3","blue","6507"
"SLC1A5","SLC1A5","green","6510"
"SLC1A6","SLC1A6","turquoise","6511"
"SLC1A7","SLC1A7","blue","6512"
"SLC22A10","SLC22A10","turquoise","387775"
"SLC22A3","SLC22A3","blue","6581"
"SLC22A6","SLC22A6","red","9356"
"SLC22A9","SLC22A9","black","114571"
"SLC23A1","SLC23A1","grey","9963"
"SLC23A3","SLC23A3","brown","151295"
"SLC24A2","SLC24A2","yellow","25769"
"SLC24A5","SLC24A5","turquoise","283652"
"SLC25A13","SLC25A13","yellow","10165"
"SLC25A18","SLC25A18","brown","83733"
"SLC25A22","SLC25A22","black","79751"
"SLC25A41","SLC25A41","brown","284427"
"SLC25A48","SLC25A48","brown","153328"
"SLC26A10","SLC26A10","black",NA
"SLC26A2","SLC26A2","blue","1836"
"SLC26A4","SLC26A4","turquoise","5172"
"SLC26A6","SLC26A6","brown","65010"
"SLC26A7","SLC26A7","brown","115111"
"SLC26A8","SLC26A8","black","116369"
"SLC26A9","SLC26A9","yellow","115019"
"SLC27A2","SLC27A2","turquoise","11001"
"SLC29A4","SLC29A4","brown","222962"
"SLC2A10","SLC2A10","blue","81031"
"SLC2A13","SLC2A13","turquoise","114134"
"SLC2A3","SLC2A3","grey","6515"
"SLC2A4","SLC2A4","blue","6517"
"SLC2A5","SLC2A5","green","6518"
"SLC2A9","SLC2A9","green","56606"
"SLC30A3","SLC30A3","turquoise","7781"
"SLC31A2","SLC31A2","yellow","1318"
"SLC32A1","SLC32A1","turquoise","140679"
"SLC34A3","SLC34A3","grey","142680"
"SLC35D2","SLC35D2","yellow","11046"
"SLC35F1","SLC35F1","turquoise","222553"
"SLC35F4","SLC35F4","turquoise","341880"
"SLC35G1","SLC35G1","turquoise","159371"
"SLC37A2","SLC37A2","green","219855"
"SLC38A11","SLC38A11","grey","151258"
"SLC38A8","SLC38A8","grey","146167"
"SLC39A10","SLC39A10","turquoise","57181"
"SLC39A12","SLC39A12","blue","221074"
"SLC39A14","SLC39A14","blue","23516"
"SLC43A3","SLC43A3","blue","29015"
"SLC44A1","SLC44A1","yellow","23446"
"SLC44A3","SLC44A3","blue","126969"
"SLC44A5","SLC44A5","turquoise","204962"
"SLC45A2","SLC45A2","yellow","51151"
"SLC45A3","SLC45A3","yellow","85414"
"SLC45A4","SLC45A4","black","57210"
"SLC47A1","SLC47A1","grey","55244"
"SLC47A2","SLC47A2","brown","146802"
"SLC4A10","SLC4A10","turquoise","57282"
"SLC4A11","SLC4A11","brown","83959"
"SLC4A2","SLC4A2","yellow","6522"
"SLC4A3","SLC4A3","black","6508"
"SLC4A4","SLC4A4","blue","8671"
"SLC4A5","SLC4A5","yellow","57835"
"SLC4A8","SLC4A8","turquoise","9498"
"SLC4A9","SLC4A9","yellow","83697"
"SLC51B","SLC51B","green","123264"
"SLC52A1","SLC52A1","brown","55065"
"SLC52A3","SLC52A3","blue","113278"
"SLC5A11","SLC5A11","yellow","115584"
"SLC5A12","SLC5A12","grey","159963"
"SLC5A3","SLC5A3","brown","6526"
"SLC5A4","SLC5A4","brown","6527"
"SLC5A8","SLC5A8","turquoise","160728"
"SLC5A9","SLC5A9","brown","200010"
"SLC6A11","SLC6A11","brown","6538"
"SLC6A12","SLC6A12","brown","6539"
"SLC6A13","SLC6A13","blue","6540"
"SLC6A16","SLC6A16","blue","28968"
"SLC6A17","SLC6A17","turquoise","388662"
"SLC6A20","SLC6A20","grey","54716"
"SLC6A5","SLC6A5","turquoise","9152"
"SLC6A7","SLC6A7","black","6534"
"SLC6A9","SLC6A9","yellow","6536"
"SLC7A10","SLC7A10","brown","56301"
"SLC7A11","SLC7A11","blue","23657"
"SLC7A14","SLC7A14","red","57709"
"SLC7A2","SLC7A2","blue","6542"
"SLC7A3","SLC7A3","turquoise","84889"
"SLC7A4","SLC7A4","turquoise","6545"
"SLC7A7","SLC7A7","green","9056"
"SLC7A9","SLC7A9","brown","11136"
"SLC8A1","SLC8A1","turquoise","6546"
"SLC8A2","SLC8A2","black","6543"
"SLC8A3","SLC8A3","turquoise","6547"
"SLC9A2","SLC9A2","turquoise","6549"
"SLC9A5","SLC9A5","black","6553"
"SLC9A7","SLC9A7","red","84679"
"SLC9C2","SLC9C2","brown","284525"
"SLCO1A2","SLCO1A2","yellow","6579"
"SLCO1C1","SLCO1C1","blue","53919"
"SLCO2A1","SLCO2A1","blue","6578"
"SLCO2B1","SLCO2B1","green","11309"
"SLCO3A1","SLCO3A1","yellow","28232"
"SLCO4A1","SLCO4A1","blue","28231"
"SLCO4C1","SLCO4C1","turquoise","353189"
"SLFN11","SLFN11","blue","91607"
"SLFN12","SLFN12","blue","55106"
"SLFN13","SLFN13","blue","146857"
"SLFNL1","SLFNL1","brown","200172"
"SLIT1","SLIT1","red","6585"
"SLIT2","SLIT2","turquoise","9353"
"SLIT3","SLIT3","turquoise","6586"
"SLITRK3","SLITRK3","turquoise","22865"
"SLITRK4","SLITRK4","turquoise","139065"
"SLITRK5","SLITRK5","turquoise","26050"
"SLN","SLN","turquoise","6588"
"SLPI","SLPI","blue","6590"
"SLX4IP","SLX4IP","red","128710"
"SMAD6","SMAD6","blue","4091"
"SMAGP","SMAGP","blue","57228"
"SMCO2","SMCO2","grey","341346"
"SMCR8","SMCR8","red","140775"
"SMIM1","SMIM1","yellow","388588"
"SMIM17","SMIM17","turquoise","147670"
"SMIM18","SMIM18","turquoise","100507341"
"SMIM5","SMIM5","yellow","643008"
"SMIM6","SMIM6","yellow",NA
"SMKR1","SMKR1","turquoise","100287482"
"SMN2","SMN2","grey","6607"
"SMO","SMO","brown","6608"
"SMOC2","SMOC2","blue","64094"
"SMOX","SMOX","brown","54498"
"SMPDL3B","SMPDL3B","grey","27293"
"SMPX","SMPX","turquoise","23676"
"SMTN","SMTN","brown","6525"
"SMTNL1","SMTNL1","red","219537"
"SMTNL2","SMTNL2","blue","342527"
"SMYD1","SMYD1","grey","150572"
"SMYD2","SMYD2","turquoise","56950"
"SNAI1","SNAI1","brown","6615"
"SNAI2","SNAI2","blue","6591"
"SNAP25","SNAP25","turquoise","6616"
"SNAP91","SNAP91","turquoise","9892"
"SNCB","SNCB","black","6620"
"SNCG","SNCG","black","6623"
"SNPH","SNPH","black","9751"
"SNRPN","SNRPN","turquoise","6638"
"SNTG1","SNTG1","turquoise","54212"
"SNTG2","SNTG2","grey","54221"
"SNX10","SNX10","turquoise","29887"
"SNX20","SNX20","green","124460"
"SNX22","SNX22","yellow","79856"
"SNX31","SNX31","blue","169166"
"SNX33","SNX33","blue","257364"
"SOCS1","SOCS1","blue","8651"
"SOCS3","SOCS3","blue","9021"
"SOCS7","SOCS7","red","30837"
"SOD3","SOD3","blue","6649"
"SOHLH1","SOHLH1","grey","402381"
"SOHLH2","SOHLH2","grey","54937"
"SORBS2","SORBS2","turquoise","8470"
"SORBS3","SORBS3","brown","10174"
"SORCS1","SORCS1","turquoise","114815"
"SORCS3","SORCS3","turquoise","22986"
"SOSTDC1","SOSTDC1","turquoise","25928"
"SOWAHB","SOWAHB","turquoise","345079"
"SOWAHD","SOWAHD","brown","347454"
"SOX10","SOX10","yellow","6663"
"SOX17","SOX17","blue","64321"
"SOX18","SOX18","blue","54345"
"SOX3","SOX3","yellow","6658"
"SOX8","SOX8","yellow","30812"
"SOX9","SOX9","brown","6662"
"SP100","SP100","blue","6672"
"SP110","SP110","green","3431"
"SP5","SP5","grey","389058"
"SP7","SP7","grey","121340"
"SP9","SP9","turquoise","100131390"
"SPAG17","SPAG17","turquoise","200162"
"SPAG6","SPAG6","turquoise","9576"
"SPARC","SPARC","blue","6678"
"SPATA13","SPATA13","yellow","221178"
"SPATA17","SPATA17","grey","128153"
"SPATA18","SPATA18","turquoise","132671"
"SPATA22","SPATA22","yellow","84690"
"SPATA9","SPATA9","yellow","83890"
"SPATC1","SPATC1","brown","375686"
"SPDEF","SPDEF","turquoise","25803"
"SPDYE2","SPDYE2","red","441273"
"SPEF2","SPEF2","turquoise","79925"
"SPESP1","SPESP1","grey","246777"
"SPHK1","SPHK1","green","8877"
"SPHKAP","SPHKAP","turquoise","80309"
"SPI1","SPI1","green","6688"
"SPIN2A","SPIN2A","turquoise","54466"
"SPINT1","SPINT1","green","6692"
"SPN","SPN","green","6693"
"SPNS3","SPNS3","green","201305"
"SPOCD1","SPOCD1","yellow","90853"
"SPOCK3","SPOCK3","yellow","50859"
"SPON2","SPON2","turquoise","10417"
"SPP1","SPP1","brown","6696"
"SPR","SPR","brown","6697"
"SPRED3","SPRED3","red","399473"
"SPSB1","SPSB1","yellow","80176"
"SPTBN2","SPTBN2","black","6712"
"SPTBN4","SPTBN4","black","57731"
"SPTBN5","SPTBN5","brown","51332"
"SPTLC3","SPTLC3","green","55304"
"SPTSSB","SPTSSB","turquoise","165679"
"SQRDL","SQRDL","blue",NA
"SREBF1","SREBF1","yellow","6720"
"SRGAP1","SRGAP1","brown","57522"
"SRGN","SRGN","blue","5552"
"SRL","SRL","blue","6345"
"SRMS","SRMS","yellow","6725"
"SRPK3","SRPK3","yellow","26576"
"SRPX","SRPX","brown","8406"
"SRPX2","SRPX2","blue","27286"
"SRRM3","SRRM3","black","222183"
"SRRM4","SRRM4","turquoise","84530"
"SRRM5","SRRM5","brown","100170229"
"SRXN1","SRXN1","red","140809"
"SSC5D","SSC5D","brown","284297"
"SSPN","SSPN","green","8082"
"SST","SST","turquoise","6750"
"SSTR1","SSTR1","turquoise","6751"
"SSTR2","SSTR2","turquoise","6752"
"SSTR3","SSTR3","black","6753"
"SSTR4","SSTR4","turquoise","6754"
"SSX2IP","SSX2IP","turquoise","117178"
"ST14","ST14","blue","6768"
"ST18","ST18","yellow","9705"
"ST6GAL2","ST6GAL2","turquoise","84620"
"ST6GALNAC1","ST6GALNAC1","grey","55808"
"ST6GALNAC2","ST6GALNAC2","brown","10610"
"ST6GALNAC5","ST6GALNAC5","turquoise","81849"
"ST8SIA2","ST8SIA2","turquoise","8128"
"ST8SIA3","ST8SIA3","turquoise","51046"
"ST8SIA5","ST8SIA5","turquoise","29906"
"ST8SIA6","ST8SIA6","blue","338596"
"STAB1","STAB1","green","23166"
"STAB2","STAB2","brown","55576"
"STAC","STAC","grey","6769"
"STAC2","STAC2","black","342667"
"STAMBPL1","STAMBPL1","turquoise","57559"
"STAR","STAR","turquoise","6770"
"STARD8","STARD8","blue","9754"
"STARD9","STARD9","yellow","57519"
"STAT4","STAT4","turquoise","6775"
"STAT5A","STAT5A","green","6776"
"STC1","STC1","blue","6781"
"STC2","STC2","blue","8614"
"STEAP1","STEAP1","turquoise","26872"
"STEAP1B","STEAP1B","yellow","256227"
"STEAP2","STEAP2","turquoise","261729"
"STEAP3","STEAP3","green","55240"
"STEAP4","STEAP4","blue","79689"
"STK17B","STK17B","blue","9262"
"STK31","STK31","grey","56164"
"STMN2","STMN2","turquoise","11075"
"STMN3","STMN3","black","50861"
"STOM","STOM","blue","2040"
"STON1","STON1","green","11037"
"STON2","STON2","brown","85439"
"STPG2","STPG2","grey","285555"
"STRA6","STRA6","grey","64220"
"STRC","STRC","brown","161497"
"STRIP1","STRIP1","red","85369"
"STRIP2","STRIP2","turquoise","57464"
"STS","STS","turquoise","412"
"STX11","STX11","blue","8676"
"STX19","STX19","grey","415117"
"STX1A","STX1A","turquoise","6804"
"STX1B","STX1B","black","112755"
"STXBP1","STXBP1","turquoise","6812"
"STXBP2","STXBP2","brown","6813"
"STXBP5","STXBP5","turquoise","134957"
"STXBP5L","STXBP5L","turquoise","9515"
"STYK1","STYK1","turquoise","55359"
"SULF1","SULF1","turquoise","23213"
"SULT1A2","SULT1A2","brown","6799"
"SULT1C2","SULT1C2","green","6819"
"SULT1C4","SULT1C4","blue","27233"
"SULT2B1","SULT2B1","grey","6820"
"SULT4A1","SULT4A1","turquoise","25830"
"SUN2","SUN2","yellow","25777"
"SUSD1","SUSD1","turquoise","64420"
"SUSD2","SUSD2","blue","56241"
"SUSD3","SUSD3","green","203328"
"SUSD4","SUSD4","turquoise","55061"
"SUSD5","SUSD5","turquoise","26032"
"SUV420H2","SUV420H2","brown",NA
"SV2B","SV2B","turquoise","9899"
"SV2C","SV2C","red","22987"
"SVEP1","SVEP1","yellow","79987"
"SVIL","SVIL","blue","6840"
"SVOP","SVOP","turquoise","55530"
"SYBU","SYBU","turquoise","55638"
"SYCE1","SYCE1","turquoise","93426"
"SYCE1L","SYCE1L","grey","100130958"
"SYDE1","SYDE1","blue","85360"
"SYK","SYK","green","6850"
"SYN1","SYN1","black","6853"
"SYN3","SYN3","red","8224"
"SYNDIG1L","SYNDIG1L","black","646658"
"SYNE3","SYNE3","yellow","161176"
"SYNGR1","SYNGR1","turquoise","9145"
"SYNGR2","SYNGR2","yellow","9144"
"SYNGR3","SYNGR3","turquoise","9143"
"SYNJ1","SYNJ1","turquoise","8867"
"SYNJ2","SYNJ2","yellow","8871"
"SYNPO","SYNPO","black","11346"
"SYNPO2","SYNPO2","turquoise","171024"
"SYNPO2L","SYNPO2L","brown","79933"
"SYNPR","SYNPR","turquoise","132204"
"SYP","SYP","turquoise","6855"
"SYPL2","SYPL2","brown","284612"
"SYS1-DBNDD2","SYS1-DBNDD2","turquoise","767557"
"SYT1","SYT1","turquoise","6857"
"SYT10","SYT10","turquoise","341359"
"SYT12","SYT12","turquoise","91683"
"SYT13","SYT13","turquoise","57586"
"SYT15","SYT15","red","83849"
"SYT16","SYT16","turquoise","83851"
"SYT2","SYT2","black","127833"
"SYT3","SYT3","black","84258"
"SYT4","SYT4","turquoise","6860"
"SYT5","SYT5","black","6861"
"SYT7","SYT7","black","9066"
"SYTL1","SYTL1","brown","84958"
"SYTL3","SYTL3","green","94120"
"SYTL4","SYTL4","blue","94121"
"SYTL5","SYTL5","turquoise","94122"
"TAC1","TAC1","turquoise","6863"
"TAC3","TAC3","turquoise","6866"
"TACR1","TACR1","red","6869"
"TACR2","TACR2","turquoise","6865"
"TACR3","TACR3","yellow","6870"
"TAF7L","TAF7L","turquoise","54457"
"TAGLN","TAGLN","blue","6876"
"TAGLN2","TAGLN2","blue","8407"
"TAGLN3","TAGLN3","turquoise","29114"
"TAL1","TAL1","brown","6886"
"TAP1","TAP1","blue","6890"
"TARBP1","TARBP1","turquoise","6894"
"TAS2R14","TAS2R14","yellow","50840"
"TAS2R20","TAS2R20","yellow","259295"
"TAS2R5","TAS2R5","grey","54429"
"TASP1","TASP1","turquoise","55617"
"TBC1D10C","TBC1D10C","grey","374403"
"TBC1D2","TBC1D2","yellow","55357"
"TBC1D26","TBC1D26","red","353149"
"TBC1D29","TBC1D29","yellow",NA
"TBC1D30","TBC1D30","turquoise","23329"
"TBC1D5","TBC1D5","red","9779"
"TBC1D9","TBC1D9","turquoise","23158"
"TBKBP1","TBKBP1","brown","9755"
"TBR1","TBR1","turquoise","10716"
"TBX1","TBX1","blue","6899"
"TBX15","TBX15","blue","6913"
"TBX18","TBX18","blue","9096"
"TBX19","TBX19","brown","9095"
"TBX2","TBX2","blue","6909"
"TBX3","TBX3","blue","6926"
"TBX6","TBX6","brown","6911"
"TBXA2R","TBXA2R","blue","6915"
"TBXAS1","TBXAS1","green","6916"
"TC2N","TC2N","turquoise","123036"
"TCAP","TCAP","brown","8557"
"TCEAL6","TCEAL6","turquoise","158931"
"TCERG1L","TCERG1L","turquoise","256536"
"TCF15","TCF15","brown","6939"
"TCF19","TCF19","green","6941"
"TCF7L1","TCF7L1","brown","83439"
"TCHH","TCHH","turquoise","7062"
"TCIRG1","TCIRG1","green","10312"
"TCN2","TCN2","blue","6948"
"TCP11L2","TCP11L2","yellow","255394"
"TCTE3","TCTE3","yellow",NA
"TCTEX1D1","TCTEX1D1","turquoise",NA
"TDGF1","TDGF1","grey",NA
"TDO2","TDO2","turquoise","6999"
"TDRD1","TDRD1","grey","56165"
"TDRD10","TDRD10","blue","126668"
"TDRD12","TDRD12","grey","91646"
"TDRD5","TDRD5","turquoise","163589"
"TDRD9","TDRD9","grey","122402"
"TEAD2","TEAD2","blue","8463"
"TEAD3","TEAD3","blue","7005"
"TEAD4","TEAD4","blue","7004"
"TEC","TEC","blue","7006"
"TEKT1","TEKT1","grey","83659"
"TEKT2","TEKT2","brown","27285"
"TEKT3","TEKT3","grey","64518"
"TEKT4","TEKT4","brown","150483"
"TEKT5","TEKT5","brown","146279"
"TENC1","TENC1","brown",NA
"TENM1","TENM1","turquoise","10178"
"TENM2","TENM2","turquoise","57451"
"TENM3","TENM3","turquoise","55714"
"TES","TES","blue","26136"
"TESK2","TESK2","yellow","10420"
"TESPA1","TESPA1","turquoise","9840"
"TET1","TET1","yellow","80312"
"TEX14","TEX14","yellow","56155"
"TEX15","TEX15","grey","56154"
"TEX26","TEX26","grey","122046"
"TEX29","TEX29","black","121793"
"TEX9","TEX9","red","374618"
"TF","TF","yellow","7018"
"TFAP2A","TFAP2A","blue","7020"
"TFAP2C","TFAP2C","brown","7022"
"TFCP2L1","TFCP2L1","brown","29842"
"TFEB","TFEB","yellow","7942"
"TFEC","TFEC","green","22797"
"TFPI","TFPI","blue","7035"
"TFR2","TFR2","black","7036"
"TG","TG","brown","7038"
"TGFA","TGFA","yellow","7039"
"TGFB1","TGFB1","green","7040"
"TGFB1I1","TGFB1I1","blue","7041"
"TGFB2","TGFB2","blue","7042"
"TGFB3","TGFB3","yellow","7043"
"TGFBI","TGFBI","blue","7045"
"TGFBR2","TGFBR2","blue","7048"
"TGFBR3","TGFBR3","blue","7049"
"TGFBR3L","TGFBR3L","black","100507588"
"TGIF1","TGIF1","blue","7050"
"TGIF2","TGIF2","brown","60436"
"TGM1","TGM1","brown","7051"
"TGM2","TGM2","blue","7052"
"TGM3","TGM3","turquoise","7053"
"TH","TH","grey","7054"
"THBD","THBD","blue","7056"
"THBS1","THBS1","blue","7057"
"THBS2","THBS2","yellow","7058"
"THEG","THEG","turquoise",NA
"THEMIS","THEMIS","turquoise","387357"
"THEMIS2","THEMIS2","yellow","9473"
"THNSL2","THNSL2","yellow","55258"
"THPO","THPO","turquoise","7066"
"THRB","THRB","turquoise","7068"
"THSD4","THSD4","blue","79875"
"THSD7A","THSD7A","red","221981"
"THSD7B","THSD7B","turquoise","80731"
"THY1","THY1","turquoise","7070"
"TIAF1","TIAF1","brown",NA
"TIAM2","TIAM2","turquoise","26230"
"TIE1","TIE1","blue","7075"
"TIMP1","TIMP1","blue","7076"
"TINAGL1","TINAGL1","blue","64129"
"TJAP1","TJAP1","yellow","93643"
"TJP2","TJP2","yellow","9414"
"TJP3","TJP3","brown","27134"
"TK1","TK1","brown","7083"
"TLCD1","TLCD1","blue","116238"
"TLDC2","TLDC2","green","140711"
"TLL1","TLL1","turquoise","7092"
"TLN1","TLN1","green","7094"
"TLR1","TLR1","green","7096"
"TLR10","TLR10","green","81793"
"TLR2","TLR2","green","7097"
"TLR3","TLR3","green","7098"
"TLR4","TLR4","blue","7099"
"TLR5","TLR5","green","7100"
"TLR6","TLR6","green","10333"
"TLR7","TLR7","green","51284"
"TLX2","TLX2","black","3196"
"TM4SF1","TM4SF1","blue","4071"
"TM4SF18","TM4SF18","blue","116441"
"TMBIM1","TMBIM1","green","64114"
"TMC1","TMC1","grey","117531"
"TMC3","TMC3","turquoise","342125"
"TMC6","TMC6","yellow","11322"
"TMC7","TMC7","yellow","79905"
"TMC8","TMC8","green","147138"
"TMCC3","TMCC3","yellow","57458"
"TMEFF1","TMEFF1","red","8577"
"TMEM100","TMEM100","blue","55273"
"TMEM102","TMEM102","brown","284114"
"TMEM106A","TMEM106A","green","113277"
"TMEM110-MUSTN1","TMEM110-MUSTN1","brown",NA
"TMEM119","TMEM119","green","338773"
"TMEM125","TMEM125","yellow","128218"
"TMEM130","TMEM130","turquoise","222865"
"TMEM132D","TMEM132D","turquoise","121256"
"TMEM139","TMEM139","yellow","135932"
"TMEM140","TMEM140","yellow","55281"
"TMEM144","TMEM144","yellow","55314"
"TMEM150B","TMEM150B","brown","284417"
"TMEM150C","TMEM150C","red","441027"
"TMEM151B","TMEM151B","turquoise","441151"
"TMEM155","TMEM155","turquoise",NA
"TMEM156","TMEM156","green","80008"
"TMEM158","TMEM158","grey","25907"
"TMEM160","TMEM160","brown","54958"
"TMEM165","TMEM165","yellow","55858"
"TMEM17","TMEM17","turquoise","200728"
"TMEM171","TMEM171","yellow","134285"
"TMEM176A","TMEM176A","blue","55365"
"TMEM176B","TMEM176B","green","28959"
"TMEM178B","TMEM178B","turquoise","100507421"
"TMEM196","TMEM196","turquoise","256130"
"TMEM200A","TMEM200A","turquoise","114801"
"TMEM200B","TMEM200B","grey","399474"
"TMEM206","TMEM206","yellow",NA
"TMEM213","TMEM213","blue","155006"
"TMEM233","TMEM233","turquoise","387890"
"TMEM235","TMEM235","yellow","283999"
"TMEM249","TMEM249","brown",NA
"TMEM255B","TMEM255B","brown","348013"
"TMEM26","TMEM26","grey","219623"
"TMEM27","TMEM27","grey",NA
"TMEM30B","TMEM30B","grey","161291"
"TMEM31","TMEM31","brown","203562"
"TMEM35","TMEM35","turquoise",NA
"TMEM37","TMEM37","yellow","140738"
"TMEM38A","TMEM38A","turquoise","79041"
"TMEM45A","TMEM45A","blue","55076"
"TMEM52B","TMEM52B","turquoise","120939"
"TMEM63A","TMEM63A","yellow","9725"
"TMEM63C","TMEM63C","black","57156"
"TMEM67","TMEM67","turquoise","91147"
"TMEM71","TMEM71","blue","137835"
"TMEM74B","TMEM74B","black","55321"
"TMEM79","TMEM79","brown","84283"
"TMEM88B","TMEM88B","yellow",NA
"TMEM98","TMEM98","yellow","26022"
"TMIGD2","TMIGD2","brown","126259"
"TMPPE","TMPPE","red","643853"
"TMPRSS3","TMPRSS3","blue","64699"
"TMPRSS5","TMPRSS5","brown","80975"
"TMPRSS6","TMPRSS6","brown","164656"
"TMPRSS9","TMPRSS9","brown","360200"
"TMSB4Y","TMSB4Y","turquoise","9087"
"TMTC1","TMTC1","turquoise","83857"
"TMTC2","TMTC2","yellow","160335"
"TMTC4","TMTC4","yellow","84899"
"TNC","TNC","yellow","3371"
"TNFAIP3","TNFAIP3","blue","7128"
"TNFAIP6","TNFAIP6","yellow","7130"
"TNFAIP8","TNFAIP8","blue","25816"
"TNFAIP8L2","TNFAIP8L2","green","79626"
"TNFAIP8L3","TNFAIP8L3","turquoise","388121"
"TNFRSF10A","TNFRSF10A","blue","8797"
"TNFRSF10B","TNFRSF10B","blue","8795"
"TNFRSF10C","TNFRSF10C","blue","8794"
"TNFRSF10D","TNFRSF10D","blue","8793"
"TNFRSF11A","TNFRSF11A","turquoise","8792"
"TNFRSF11B","TNFRSF11B","blue","4982"
"TNFRSF12A","TNFRSF12A","blue","51330"
"TNFRSF18","TNFRSF18","grey","8784"
"TNFRSF1A","TNFRSF1A","blue","7132"
"TNFRSF1B","TNFRSF1B","green","7133"
"TNFRSF25","TNFRSF25","brown","8718"
"TNFRSF4","TNFRSF4","brown","7293"
"TNFSF10","TNFSF10","grey","8743"
"TNFSF13","TNFSF13","brown","8741"
"TNFSF18","TNFSF18","turquoise","8995"
"TNIP2","TNIP2","brown","79155"
"TNN","TNN","turquoise","63923"
"TNNC1","TNNC1","grey","7134"
"TNNT1","TNNT1","brown","7138"
"TNNT2","TNNT2","black","7139"
"TNNT3","TNNT3","black","7140"
"TNR","TNR","red","7143"
"TNS1","TNS1","green","7145"
"TNS3","TNS3","brown","64759"
"TNXB","TNXB","blue","7148"
"TOB2","TOB2","brown","10766"
"TOR4A","TOR4A","blue","54863"
"TOX","TOX","turquoise","9760"
"TOX2","TOX2","black","84969"
"TOX3","TOX3","turquoise","27324"
"TP53AIP1","TP53AIP1","brown","63970"
"TP53I11","TP53I11","turquoise","9537"
"TP53INP1","TP53INP1","yellow","94241"
"TP53INP2","TP53INP2","yellow","58476"
"TP53TG3D","TP53TG3D","grey","729264"
"TP53TG5","TP53TG5","yellow","27296"
"TPBG","TPBG","turquoise","7162"
"TPBGL","TPBGL","turquoise","100507050"
"TPD52L1","TPD52L1","brown","7164"
"TPH1","TPH1","grey","7166"
"TPH2","TPH2","turquoise","121278"
"TPM2","TPM2","blue","7169"
"TPO","TPO","brown","7173"
"TPPP3","TPPP3","yellow","51673"
"TPRN","TPRN","yellow","286262"
"TPSD1","TPSD1","brown","23430"
"TPTE2","TPTE2","turquoise","93492"
"TPX2","TPX2","turquoise","22974"
"TRABD2A","TRABD2A","turquoise","129293"
"TRAF1","TRAF1","brown","7185"
"TRAF3IP2","TRAF3IP2","blue","10758"
"TRAF4","TRAF4","yellow","9618"
"TRANK1","TRANK1","turquoise","9881"
"TRDN","TRDN","brown","10345"
"TREH","TREH","yellow","11181"
"TREM2","TREM2","green","54209"
"TREML1","TREML1","green","340205"
"TRH","TRH","turquoise","7200"
"TRHDE","TRHDE","turquoise","29953"
"TRIM17","TRIM17","black","51127"
"TRIM21","TRIM21","blue","6737"
"TRIM22","TRIM22","blue","10346"
"TRIM29","TRIM29","turquoise","23650"
"TRIM36","TRIM36","turquoise","55521"
"TRIM37","TRIM37","turquoise","4591"
"TRIM38","TRIM38","blue","10475"
"TRIM44","TRIM44","red","54765"
"TRIM47","TRIM47","brown","91107"
"TRIM5","TRIM5","blue","85363"
"TRIM54","TRIM54","turquoise","57159"
"TRIM56","TRIM56","green","81844"
"TRIM58","TRIM58","red","25893"
"TRIM59","TRIM59","yellow","286827"
"TRIM6","TRIM6","green","117854"
"TRIM71","TRIM71","red","131405"
"TRIM72","TRIM72","red","493829"
"TRIP10","TRIP10","brown","9322"
"TRIP13","TRIP13","turquoise","9319"
"TRNP1","TRNP1","turquoise","388610"
"TRPA1","TRPA1","turquoise","8989"
"TRPC3","TRPC3","turquoise","7222"
"TRPC4","TRPC4","grey","7223"
"TRPC5","TRPC5","turquoise","7224"
"TRPC6","TRPC6","turquoise","7225"
"TRPM3","TRPM3","red","80036"
"TRPM6","TRPM6","yellow","140803"
"TRPV1","TRPV1","yellow","7442"
"TRPV4","TRPV4","green","59341"
"TRPV5","TRPV5","yellow","56302"
"TRUB1","TRUB1","turquoise","142940"
"TSC22D4","TSC22D4","yellow","81628"
"TSKU","TSKU","blue","25987"
"TSPAN11","TSPAN11","brown","441631"
"TSPAN12","TSPAN12","blue","23554"
"TSPAN13","TSPAN13","turquoise","27075"
"TSPAN15","TSPAN15","yellow","23555"
"TSPAN18","TSPAN18","grey","90139"
"TSPAN19","TSPAN19","yellow","144448"
"TSPAN2","TSPAN2","turquoise","10100"
"TSPAN32","TSPAN32","grey","10077"
"TSPAN7","TSPAN7","turquoise","7102"
"TSPAN8","TSPAN8","yellow","7103"
"TSPEAR","TSPEAR","brown","54084"
"TSPO","TSPO","brown","706"
"TSPYL1","TSPYL1","turquoise","7259"
"TSPYL6","TSPYL6","grey","388951"
"TSSK3","TSSK3","grey","81629"
"TSSK4","TSSK4","red","283629"
"TSSK6","TSSK6","brown","83983"
"TSTD1","TSTD1","turquoise","100131187"
"TSTD2","TSTD2","red","158427"
"TTC16","TTC16","grey","158248"
"TTC34","TTC34","red","100287898"
"TTC38","TTC38","brown","55020"
"TTC39A","TTC39A","turquoise","22996"
"TTC39B","TTC39B","turquoise","158219"
"TTC39C","TTC39C","turquoise","125488"
"TTC9","TTC9","turquoise","23508"
"TTC9B","TTC9B","black","148014"
"TTLL11","TTLL11","yellow","158135"
"TTLL6","TTLL6","grey","284076"
"TTPA","TTPA","grey","7274"
"TTR","TTR","blue","7276"
"TTYH2","TTYH2","yellow","94015"
"TUBA1B","TUBA1B","black","10376"
"TUBA1C","TUBA1C","brown","84790"
"TUBA4A","TUBA4A","black","7277"
"TUBA8","TUBA8","black","51807"
"TUBB2A","TUBB2A","turquoise","7280"
"TUBB2B","TUBB2B","blue","347733"
"TUBB3","TUBB3","red","10381"
"TUBB6","TUBB6","blue","84617"
"TULP2","TULP2","red","7288"
"TULP3","TULP3","brown","7289"
"TUSC3","TUSC3","turquoise","7991"
"TUSC5","TUSC5","brown",NA
"TWIST1","TWIST1","blue","7291"
"TXK","TXK","red","7294"
"TXNDC5","TXNDC5","green","81567"
"TXNIP","TXNIP","green","10628"
"TYMP","TYMP","green","1890"
"TYMS","TYMS","yellow","7298"
"TYROBP","TYROBP","green","7305"
"TYRP1","TYRP1","turquoise","7306"
"U82695","U82695.9","yellow",NA
"UACA","UACA","yellow","55075"
"UAP1L1","UAP1L1","yellow","91373"
"UBASH3B","UBASH3B","turquoise","84959"
"UBE2QL1","UBE2QL1","turquoise","134111"
"UBE2T","UBE2T","turquoise","29089"
"UBXN10","UBXN10","turquoise","127733"
"UCHL1","UCHL1","turquoise","7345"
"UCN","UCN","brown","7349"
"UCP2","UCP2","green","7351"
"UCP3","UCP3","brown","7352"
"UGT8","UGT8","yellow","7368"
"ULBP1","ULBP1","grey","80329"
"ULBP2","ULBP2","grey","80328"
"ULBP3","ULBP3","red","79465"
"ULK4","ULK4","grey","54986"
"UMODL1","UMODL1","grey","89766"
"UNC13A","UNC13A","turquoise","23025"
"UNC13C","UNC13C","turquoise","440279"
"UNC13D","UNC13D","brown","201294"
"UNC5A","UNC5A","black","90249"
"UNC5B","UNC5B","yellow","219699"
"UNC5CL","UNC5CL","yellow","222643"
"UNC5D","UNC5D","turquoise","137970"
"UNC80","UNC80","turquoise","285175"
"UPB1","UPB1","blue","51733"
"UPK3B","UPK3B","grey","105375355"
"UROC1","UROC1","turquoise","131669"
"USH1C","USH1C","yellow","10083"
"USP32","USP32","red","84669"
"USP37","USP37","red","57695"
"USP43","USP43","turquoise","124739"
"USP54","USP54","yellow","159195"
"UTS2R","UTS2R","black","2837"
"VAMP5","VAMP5","blue","10791"
"VAMP8","VAMP8","green","8673"
"VASN","VASN","blue","114990"
"VASP","VASP","blue","7408"
"VAT1L","VAT1L","turquoise","57687"
"VAV1","VAV1","green","7409"
"VAV3","VAV3","brown","10451"
"VAX1","VAX1","turquoise","11023"
"VAX2","VAX2","brown","25806"
"VCAM1","VCAM1","blue","7412"
"VDR","VDR","grey","7421"
"VEGFA","VEGFA","blue","7422"
"VEGFC","VEGFC","blue","7424"
"VENTX","VENTX","green","27287"
"VGF","VGF","turquoise","7425"
"VGLL3","VGLL3","blue","389136"
"VIM","VIM","blue","7431"
"VIP","VIP","turquoise","7432"
"VIPR1","VIPR1","turquoise","7433"
"VIPR2","VIPR2","turquoise","7434"
"VIT","VIT","turquoise","5212"
"VMAC","VMAC","brown","400673"
"VNN2","VNN2","blue","8875"
"VRK2","VRK2","yellow","7444"
"VSIG1","VSIG1","turquoise","340547"
"VSIG4","VSIG4","green","11326"
"VSNL1","VSNL1","turquoise","7447"
"VSTM2A","VSTM2A","turquoise","222008"
"VSTM2L","VSTM2L","black","128434"
"VSTM5","VSTM5","turquoise","387804"
"VWA1","VWA1","yellow","64856"
"VWA3A","VWA3A","brown","146177"
"VWA3B","VWA3B","brown","200403"
"VWA5B1","VWA5B1","red","127731"
"VWA5B2","VWA5B2","black","90113"
"VWA7","VWA7","black","80737"
"VWC2","VWC2","turquoise","375567"
"VWC2L","VWC2L","turquoise","402117"
"VWDE","VWDE","turquoise","221806"
"VWF","VWF","blue","7450"
"WAS","WAS","green","7454"
"WASF2","WASF2","brown","10163"
"WBSCR17","WBSCR17","turquoise",NA
"WBSCR27","WBSCR27","red",NA
"WDFY4","WDFY4","green","57705"
"WDR16","WDR16","turquoise",NA
"WDR17","WDR17","turquoise","116966"
"WDR49","WDR49","green","151790"
"WDR64","WDR64","grey","128025"
"WDR65","WDR65","turquoise",NA
"WDR86","WDR86","red","349136"
"WDR93","WDR93","grey","56964"
"WDR96","WDR96","grey",NA
"WEE1","WEE1","blue","7465"
"WFDC3","WFDC3","grey","140686"
"WFIKKN1","WFIKKN1","brown","117166"
"WFIKKN2","WFIKKN2","green","124857"
"WI2-2118C23","WI2-2118C23.1","turquoise",NA
"WIF1","WIF1","grey","11197"
"WIPF1","WIPF1","yellow","7456"
"WIPF3","WIPF3","black","644150"
"WISP2","WISP2","yellow",NA
"WISP3","WISP3","grey",NA
"WNK4","WNK4","yellow","65266"
"WNT1","WNT1","red","7471"
"WNT10A","WNT10A","turquoise","80326"
"WNT10B","WNT10B","turquoise","7480"
"WNT11","WNT11","brown","7481"
"WNT16","WNT16","turquoise","51384"
"WNT2","WNT2","turquoise","7472"
"WNT3","WNT3","grey","7473"
"WNT4","WNT4","turquoise","54361"
"WNT6","WNT6","blue","7475"
"WNT7A","WNT7A","grey","7476"
"WNT7B","WNT7B","brown","7477"
"WNT8A","WNT8A","turquoise","7478"
"WNT9A","WNT9A","red","7483"
"WNT9B","WNT9B","grey","7484"
"WSCD2","WSCD2","turquoise","9671"
"WTIP","WTIP","blue","126374"
"WWTR1","WWTR1","blue","25937"
"XK","XK","turquoise","7504"
"XKR4","XKR4","turquoise","114786"
"XKR7","XKR7","red","343702"
"XKR9","XKR9","turquoise","389668"
"XRCC2","XRCC2","red","7516"
"YAP1","YAP1","blue","10413"
"YBX2","YBX2","black","51087"
"YBX3","YBX3","blue","8531"
"YWHAH","YWHAH","turquoise","7533"
"ZAP70","ZAP70","brown","7535"
"ZBBX","ZBBX","turquoise","79740"
"ZBED6","ZBED6","grey","100381270"
"ZBTB16","ZBTB16","red","7704"
"ZBTB20","ZBTB20","brown","26137"
"ZBTB3","ZBTB3","yellow","79842"
"ZBTB37","ZBTB37","yellow","84614"
"ZBTB41","ZBTB41","red","360023"
"ZBTB42","ZBTB42","blue","100128927"
"ZBTB7B","ZBTB7B","brown","51043"
"ZBTB8A","ZBTB8A","turquoise","653121"
"ZC2HC1A","ZC2HC1A","red","51101"
"ZC3H12A","ZC3H12A","brown","80149"
"ZC3HAV1L","ZC3HAV1L","red","92092"
"ZCCHC12","ZCCHC12","turquoise","170261"
"ZCCHC24","ZCCHC24","yellow","219654"
"ZDBF2","ZDBF2","turquoise","57683"
"ZDHHC11","ZDHHC11","yellow","79844"
"ZDHHC11B","ZDHHC11B","yellow","653082"
"ZDHHC19","ZDHHC19","green","131540"
"ZDHHC20","ZDHHC20","red","253832"
"ZDHHC22","ZDHHC22","turquoise","283576"
"ZDHHC23","ZDHHC23","turquoise","254887"
"ZDHHC9","ZDHHC9","yellow","51114"
"ZEB2","ZEB2","yellow","9839"
"ZFHX4","ZFHX4","yellow","79776"
"ZFP36","ZFP36","blue","7538"
"ZFP36L1","ZFP36L1","blue","677"
"ZFP36L2","ZFP36L2","green","678"
"ZFP57","ZFP57","yellow","346171"
"ZFP69B","ZFP69B","red","65243"
"ZFP92","ZFP92","red","139735"
"ZFR2","ZFR2","black","23217"
"ZFYVE16","ZFYVE16","turquoise","9765"
"ZGLP1","ZGLP1","brown","100125288"
"ZHX1-C8ORF76","ZHX1-C8ORF76","yellow",NA
"ZHX2","ZHX2","yellow","22882"
"ZIC1","ZIC1","blue","7545"
"ZIC2","ZIC2","blue","7546"
"ZIC4","ZIC4","green","84107"
"ZIC5","ZIC5","blue","85416"
"ZIM2","ZIM2","red","23619"
"ZKSCAN8","ZKSCAN8","red","7745"
"ZMAT4","ZMAT4","turquoise","79698"
"ZMYM6NB","ZMYM6NB","blue",NA
"ZMYND10","ZMYND10","brown","51364"
"ZMYND15","ZMYND15","green","84225"
"ZNF208","ZNF208","grey","7757"
"ZNF215","ZNF215","turquoise","7762"
"ZNF221","ZNF221","red","7638"
"ZNF23","ZNF23","red","7571"
"ZNF257","ZNF257","grey","113835"
"ZNF264","ZNF264","red","9422"
"ZNF281","ZNF281","red","23528"
"ZNF300","ZNF300","yellow","91975"
"ZNF311","ZNF311","yellow","282890"
"ZNF358","ZNF358","brown","140467"
"ZNF366","ZNF366","blue","167465"
"ZNF382","ZNF382","turquoise","84911"
"ZNF385B","ZNF385B","turquoise","151126"
"ZNF385D","ZNF385D","turquoise","79750"
"ZNF391","ZNF391","turquoise","346157"
"ZNF423","ZNF423","brown","23090"
"ZNF426","ZNF426","red","79088"
"ZNF441","ZNF441","turquoise","126068"
"ZNF442","ZNF442","blue","79973"
"ZNF460","ZNF460","grey","10794"
"ZNF469","ZNF469","grey","84627"
"ZNF490","ZNF490","brown","57474"
"ZNF492","ZNF492","grey","57615"
"ZNF536","ZNF536","yellow","9745"
"ZNF597","ZNF597","red","146434"
"ZNF630","ZNF630","brown","57232"
"ZNF652","ZNF652","yellow","22834"
"ZNF676","ZNF676","yellow","163223"
"ZNF697","ZNF697","turquoise","90874"
"ZNF699","ZNF699","red","374879"
"ZNF70","ZNF70","green","7621"
"ZNF714","ZNF714","red","148206"
"ZNF724P","ZNF724P","red",NA
"ZNF728","ZNF728","green","388523"
"ZNF770","ZNF770","red","54989"
"ZNF774","ZNF774","red","342132"
"ZNF778","ZNF778","red","197320"
"ZNF804A","ZNF804A","turquoise","91752"
"ZNF831","ZNF831","turquoise","128611"
"ZNF85","ZNF85","turquoise","7639"
"ZNF860","ZNF860","turquoise","344787"
"ZNF90","ZNF90","brown","7643"
"ZNF98","ZNF98","grey","148198"
"ZNRF3","ZNRF3","brown","84133"
"ZP3","ZP3","grey","7784"
"ZSCAN1","ZSCAN1","turquoise","284312"
"ZSCAN23","ZSCAN23","red","222696"
"ZWILCH","ZWILCH","turquoise","55055"
